user_id,party,state,chamber,10,25,0,12,16,2,13,1,7,15,18,3,20,21,6,14,19,4,8,17,5
2167097881,democrat,NJ,senate,265,58,167,132,48,172,21,96,533,52,74,37,3,4,51,43,10,1,7,5,0
946549322,democrat,NH,senate,145,63,207,402,67,194,10,50,231,118,32,164,1,8,34,39,22,33,10,22,0
1730030220,democrat,FL,house,29,46,323,14,22,37,2,12,179,9,26,24,0,0,7,6,0,0,2,1,0
3122099613,democrat,NJ,house,83,22,141,80,19,58,2,49,90,51,22,46,7,2,9,100,10,4,1,7,0
75785294,democrat,MA,house,69,4,210,26,9,26,1,9,92,20,43,17,7,2,20,15,8,2,1,2,0
796183515998068736,democrat,FL,house,27,48,174,62,4,104,0,18,43,46,15,90,5,7,14,16,6,0,1,3,0
400246874,democrat,PR,house,45,233,2976,58,6,13,9,49,231,12,1372,85,0,2,49,6,7,2,25,15,0
87510313,democrat,WI,senate,96,43,511,539,27,47,81,91,457,61,34,89,11,0,8,65,5,4,14,4,1
747806211983179776,democrat,MA,house,51,15,27,22,2,30,0,21,38,13,30,11,1,5,8,4,6,1,0,1,0
19318314,democrat,NM,house,69,42,90,99,29,35,8,17,109,41,31,17,8,0,13,5,0,7,21,11,0
111635980,democrat,NY,house,138,47,243,128,19,120,5,87,179,50,152,53,20,14,50,25,34,8,6,4,0
109071031,democrat,MD,senate,178,70,79,135,78,139,3,43,307,58,81,59,1,0,133,11,3,5,5,12,0
426028646,democrat,MD,house,153,48,483,138,50,99,18,248,987,41,126,94,18,2,102,40,9,22,2,22,4
248495200,democrat,MA,house,88,23,214,104,32,117,3,74,369,17,49,189,3,0,122,20,21,5,4,22,0
242555999,democrat,RI,senate,206,123,342,369,584,261,37,195,1415,48,44,124,10,8,113,36,71,3,33,198,0
88806753,democrat,CA,house,70,82,218,78,69,86,9,232,296,33,77,157,3,3,135,23,42,3,41,4,3
56864092,democrat,IL,house,216,70,207,145,169,154,10,83,542,77,135,68,10,8,94,19,26,5,13,13,0
1055730738,democrat,CA,house,160,26,57,123,203,131,5,93,367,28,105,62,5,0,134,11,7,5,22,28,2
113355380,democrat,WV,senate,5,7,69,286,1,9,4,19,261,19,3,35,1,0,1,46,5,3,2,13,1
815733290955112448,democrat,WA,house,444,39,587,209,96,319,18,186,513,65,605,49,25,21,88,52,20,7,22,21,1
210926192,democrat,TX,house,9,41,70,58,10,20,21,38,65,28,53,34,1,0,19,7,27,1,9,33,11
4749863113,democrat,NV,house,192,35,484,540,30,122,0,102,950,42,143,42,9,0,10,45,0,4,17,11,0
28479007,democrat,HI,house,21,49,166,26,12,19,2,30,186,25,1,34,4,20,2,12,16,2,15,6,0
808416682972770304,democrat,AZ,house,9,32,190,116,12,39,37,37,112,39,11,98,10,1,2,16,12,5,71,10,2
292594517,democrat,CA,house,10,23,325,30,8,31,11,30,119,17,7,28,2,8,8,2,20,0,5,3,3
85396297,democrat,CT,house,69,82,142,173,29,74,36,98,160,114,36,319,28,5,45,69,33,6,13,33,17
43910797,democrat,OH,senate,105,123,135,248,17,76,32,177,198,60,14,102,4,7,25,146,16,8,1,5,8
1068499286,democrat,WA,house,57,40,133,83,42,45,9,39,132,18,31,90,8,23,70,21,17,11,21,6,0
20597460,democrat,FL,senate,27,253,121,75,96,118,17,18,59,27,37,59,1,19,62,7,33,11,9,19,0
54300515,democrat,MI,house,43,9,148,5,6,13,0,7,154,9,10,8,0,0,0,7,0,0,2,3,0
154139987,democrat,NH,house,41,8,98,28,10,54,0,38,317,8,25,27,1,1,68,2,0,1,1,3,1
23593446,democrat,RI,house,152,40,603,204,15,169,11,131,812,48,64,107,8,4,146,28,9,7,4,7,0
22012091,democrat,MD,house,220,115,202,368,63,161,27,417,665,94,209,152,31,2,161,85,29,6,17,12,0
85726335,democrat,MN,house,101,25,1033,183,29,79,29,49,423,243,28,56,9,14,9,77,14,1,20,11,1
950783972,democrat,CA,house,49,14,90,211,6,49,6,43,36,24,15,72,0,1,5,12,2,1,7,7,0
476256944,democrat,CA,senate,300,86,104,280,136,378,49,50,690,37,169,83,7,8,124,32,5,5,51,44,3
816030424778543104,democrat,FL,house,49,37,74,35,31,36,0,20,29,24,10,38,6,3,11,11,8,8,3,5,0
1074129612,democrat,TX,house,283,31,157,81,13,68,3,37,197,62,100,72,4,0,24,30,8,2,6,4,0
817076257770835968,democrat,NY,house,177,88,366,94,15,140,6,85,262,107,444,43,17,46,47,24,18,14,4,5,0
1206227149,democrat,WI,house,151,69,208,218,35,125,18,174,443,64,170,73,8,0,115,48,4,22,7,6,1
2970462034,democrat,NY,house,24,4,26,28,1,52,0,10,69,20,37,34,0,0,16,10,5,1,0,0,0
583486767,democrat,IA,house,3,0,18,3,0,1,2,4,10,2,1,0,0,0,0,1,0,0,0,0,0
216503958,democrat,IN,senate,35,97,111,408,28,54,148,60,113,46,4,233,13,3,23,30,43,8,21,21,0
2293131060,democrat,MA,house,208,15,153,213,19,209,3,64,182,67,92,37,23,3,28,20,0,5,2,10,1
162069635,democrat,TN,house,123,17,271,142,28,169,8,74,727,30,19,73,12,1,160,23,44,1,0,3,0
2966570782,democrat,AZ,house,110,35,87,93,54,59,2,59,294,29,59,93,7,0,90,3,12,1,66,20,0
58928690,democrat,WA,house,221,29,125,155,99,100,8,62,239,59,191,177,40,2,148,30,13,6,23,7,0
818713465653051392,democrat,FL,house,66,67,221,58,53,88,17,30,74,17,76,36,8,5,26,17,15,4,9,4,0
20552026,democrat,CO,house,93,86,178,142,89,110,7,104,255,35,73,58,9,5,65,25,37,32,32,15,0
38970940,democrat,FL,house,31,36,164,16,4,18,2,10,77,7,3,16,0,0,8,1,0,0,2,9,0
407039290,democrat,NJ,senate,402,43,454,601,61,175,2,63,1465,79,39,31,6,0,48,15,28,1,1,13,0
47747074,democrat,HI,senate,153,67,423,207,68,118,8,155,918,37,94,96,7,4,111,9,8,11,13,9,1
30354991,democrat,CA,senate,589,150,356,314,87,458,0,106,776,111,279,50,17,18,52,93,15,11,28,8,0
239949176,democrat,CA,house,124,14,115,70,10,148,1,37,175,23,120,20,7,0,80,11,2,0,4,2,0
16473577,democrat,MT,senate,43,61,72,507,23,36,88,62,1226,70,19,191,1,0,0,19,0,5,170,0,0
170111219,democrat,TX,house,23,1,34,36,2,14,0,12,208,5,0,4,1,1,8,1,0,0,0,0,0
384913290,democrat,KY,house,29,14,117,67,15,63,2,92,107,31,13,34,1,2,9,12,2,5,4,3,1
49217025,democrat,AZ,house,50,16,267,60,6,100,5,43,380,25,53,110,6,0,84,6,18,0,8,9,0
133028836,democrat,CA,house,24,3,38,38,13,47,1,17,225,6,29,8,0,0,50,0,0,0,1,5,0
550131748,democrat,NY,house,55,11,103,13,0,14,0,3,126,10,17,0,2,1,1,0,1,4,0,1,0
239548513,democrat,AL,senate,33,8,73,24,0,18,5,12,79,11,3,19,0,0,8,2,4,1,1,2,0
303861808,democrat,CA,house,34,170,557,131,78,213,14,70,113,76,46,142,6,10,14,9,57,7,127,32,0
816833925456789505,democrat,CA,house,77,20,184,61,59,56,0,27,88,35,133,29,7,7,9,13,10,5,2,14,0
1243902714,democrat,CA,house,118,188,355,212,62,151,17,59,184,109,76,274,12,24,27,30,83,3,79,15,4
24913074,democrat,CA,house,168,9,94,92,19,242,4,40,390,17,40,75,5,0,74,3,12,1,1,2,0
562232053,democrat,CA,house,160,37,130,93,214,150,2,32,240,32,62,10,3,0,26,6,1,1,12,25,0
28599820,democrat,CO,house,112,27,75,146,42,69,1,32,129,20,82,14,4,1,26,2,4,4,11,10,0
150078976,democrat,CT,senate,69,127,620,426,31,474,39,138,591,138,57,217,7,7,302,71,29,11,9,21,0
21059255,democrat,CA,house,173,21,476,104,24,297,12,127,1359,26,67,281,4,0,240,4,18,3,2,21,0
1061385474,democrat,NM,house,216,131,351,259,64,152,42,63,239,183,169,106,44,8,28,57,7,20,120,21,2
90639372,democrat,PA,house,278,185,745,311,38,346,58,255,717,141,83,53,299,37,41,135,10,2,8,10,0
153944899,democrat,TX,house,154,72,359,379,136,255,20,293,413,113,167,141,8,10,286,12,22,4,9,20,3
342863309,democrat,TX,house,203,43,1327,339,28,195,56,94,858,228,319,110,7,1,27,36,19,5,10,33,6
2371339658,democrat,CA,house,185,37,304,220,96,133,3,81,322,73,324,55,15,8,61,21,11,6,16,4,0
1092979962,democrat,IL,house,78,33,221,142,16,80,97,88,296,43,15,76,8,0,18,30,26,1,5,9,1
2968007206,democrat,CA,house,157,28,174,166,56,201,2,88,353,57,89,63,9,4,61,45,44,5,16,12,0
23600262,democrat,DC,house,203,25,194,45,5,124,7,83,334,34,41,19,2,0,19,19,27,3,30,1,0
76456274,democrat,MI,senate,25,63,234,157,39,35,60,24,74,30,3,101,0,0,18,36,19,10,15,8,1
4069841354,democrat,PA,house,208,69,488,210,120,155,193,173,788,31,64,41,72,7,45,74,1,1,16,7,21
78445977,democrat,VA,house,83,30,266,71,38,99,4,69,508,24,53,99,3,2,195,7,13,3,0,7,2
816298918468259841,democrat,CA,house,254,62,196,208,80,200,6,162,192,72,119,157,14,17,148,90,12,45,6,11,2
17907578,democrat,NV,house,128,12,333,47,13,70,7,18,366,28,39,29,3,0,11,46,4,1,13,18,1
15764644,democrat,CA,house,210,58,159,309,33,127,14,180,423,34,104,58,14,1,72,35,10,18,9,15,0
581141508,democrat,OH,house,51,43,64,87,76,24,11,133,147,19,15,34,10,1,59,59,9,6,18,26,3
334894942,democrat,CA,house,160,54,772,122,163,284,30,132,1568,56,70,115,5,0,411,12,22,2,50,73,0
798973032362606600,democrat,FL,house,180,50,271,100,12,257,5,42,189,57,102,59,5,2,39,23,27,7,9,6,0
770121222,democrat,RI,senate,15,19,149,51,8,19,1,10,124,6,1,7,0,0,0,6,1,0,0,2,0
398193180,democrat,CA,house,137,22,499,65,28,89,1,36,502,15,156,30,0,0,37,6,7,2,3,6,0
153486399,democrat,OH,house,72,6,48,47,11,30,7,17,61,32,7,14,15,0,8,7,3,4,4,0,0
234014087,democrat,FL,house,283,31,361,178,18,336,3,53,456,95,125,57,17,1,192,33,57,1,2,6,1
16160352,democrat,MO,senate,27,11,363,188,1,35,27,73,273,10,3,56,1,1,15,26,5,0,0,5,2
1064206014,democrat,HI,house,95,165,92,108,80,72,32,26,132,38,23,146,6,10,53,29,21,6,19,49,0
231510077,democrat,TX,house,245,106,495,194,32,442,11,197,1093,205,698,274,17,13,667,25,24,11,13,18,12
2461810448,democrat,CA,house,312,34,529,527,28,185,3,352,1104,38,59,37,22,2,53,31,2,1,2,2,0
721127537674489856,democrat,NY,house,77,66,100,39,10,80,1,32,187,15,137,6,4,2,17,21,2,1,0,1,0
771152516,democrat,CA,house,319,137,263,325,109,274,8,400,596,122,156,130,29,37,146,185,11,67,1,43,1
404132211,democrat,WA,house,50,65,395,126,111,63,48,91,227,117,71,86,21,15,98,64,126,10,56,22,14
74508260,democrat,NJ,house,44,52,104,92,16,75,6,174,254,13,43,45,7,4,58,22,10,1,7,1,3
14135426,democrat,MN,house,199,63,382,154,43,116,13,149,430,93,118,33,18,13,74,102,18,4,4,9,0
2340948996,democrat,NJ,house,37,6,26,25,2,38,1,16,90,6,6,8,2,0,7,19,2,0,0,1,0
242426145,democrat,MA,house,88,65,247,154,44,131,58,145,268,79,92,89,181,6,142,23,13,4,6,8,0
1072467470,democrat,NY,house,79,32,160,88,23,72,30,41,150,43,30,109,10,15,21,21,27,12,4,7,0
796736612554117120,democrat,CA,house,26,16,102,48,26,32,39,6,38,22,57,64,9,3,5,1,4,5,12,14,0
57065141,democrat,MO,senate,16,76,102,294,3,68,53,52,93,51,2,81,14,0,1,12,16,14,3,4,1
122174004,democrat,NV,house,180,80,502,143,53,171,38,74,371,101,118,142,37,20,67,20,60,8,54,22,1
31801993,democrat,NJ,house,255,167,369,488,288,256,9,143,472,75,193,74,28,2,86,46,20,37,18,69,0
3044993235,democrat,CA,house,62,23,42,41,15,45,4,36,217,14,52,64,6,0,54,6,8,1,1,8,0
105290638,democrat,CO,house,13,0,57,14,9,9,0,16,72,4,7,7,0,1,1,9,4,0,0,5,0
15361570,democrat,CO,house,51,19,296,87,71,33,51,46,225,34,23,31,6,0,12,12,13,2,28,53,0
549579841,democrat,MD,house,10,0,72,11,3,18,0,0,81,13,4,0,0,0,0,2,0,0,0,0,0
1880674038,democrat,FL,house,88,79,272,256,105,105,2,42,209,83,34,94,4,2,35,24,12,13,3,27,0
571214272,democrat,NY,house,454,33,359,233,31,174,18,41,784,86,247,9,13,1,22,26,5,2,6,0,0
164414525,democrat,MN,house,71,2,218,48,73,49,2,64,405,3,19,13,0,0,30,7,0,1,6,10,0
155585373,democrat,CT,house,43,30,225,155,40,46,9,107,180,63,14,35,70,8,2,22,53,1,16,12,0
80612021,democrat,TX,house,187,33,189,52,7,187,3,45,374,15,89,63,14,0,94,6,1,6,1,1,0
278094476,democrat,MD,senate,97,32,288,43,23,102,0,27,366,32,9,25,0,0,25,5,1,1,1,1,0
158470209,democrat,WA,senate,326,6,121,345,76,260,8,34,457,104,89,18,3,1,12,17,0,12,9,10,12
1080844782,democrat,AZ,house,27,70,159,138,6,63,6,29,78,82,25,189,10,10,2,45,10,10,29,5,3
463132556,democrat,CO,house,37,29,77,29,41,45,5,11,48,70,34,35,0,0,12,12,8,12,36,1,0
22669526,democrat,WI,house,147,34,133,204,30,160,3,99,198,16,39,14,37,6,32,17,4,6,2,6,0
815310506596691968,democrat,NJ,house,18,57,222,84,18,60,6,97,91,38,23,55,11,2,44,34,58,5,3,4,0
814179031956488192,democrat,IL,house,70,4,205,55,5,59,6,34,292,69,52,41,9,1,44,23,8,7,2,9,0
467823431,democrat,NY,house,36,14,65,123,0,90,1,104,215,2,27,25,1,9,46,9,8,1,0,11,0
516880804,democrat,MN,house,83,35,161,232,148,87,25,115,270,67,50,110,16,3,70,15,11,16,53,22,1
1009269193,democrat,IL,house,46,15,149,80,121,51,4,50,133,65,12,70,3,0,11,26,100,13,9,20,2
2968451607,democrat,NJ,house,195,45,150,154,57,159,7,110,313,50,55,32,15,1,42,15,4,3,2,14,0
31611298,democrat,CT,house,68,24,398,60,10,115,6,83,390,18,60,77,3,6,50,6,5,2,2,3,0
153865861,democrat,NY,house,81,14,36,258,13,45,0,227,189,48,54,13,5,6,38,37,14,6,0,4,0
17494010,democrat,NY,senate,229,91,220,555,21,186,25,214,749,57,100,115,3,3,149,31,66,13,5,21,4
816282029276938240,democrat,NV,house,46,18,212,46,8,63,1,23,53,43,124,49,7,7,18,17,12,3,15,9,0
745372686596120576,democrat,FL,house,13,10,76,4,3,41,0,1,15,0,4,3,0,0,1,2,0,0,0,0,0
26637348,democrat,HI,house,70,90,165,83,84,89,15,24,167,13,17,164,1,3,131,14,8,2,17,23,0
377609596,democrat,CA,house,142,25,350,127,37,158,10,61,808,28,58,41,1,0,86,11,3,4,1,9,0
137794015,democrat,FL,house,100,57,198,112,101,612,0,32,414,88,57,83,18,2,250,14,4,1,7,11,1
368472546,democrat,NM,house,108,56,710,162,28,87,10,133,300,286,50,23,19,1,5,244,16,0,50,55,0
22523087,democrat,TN,house,56,16,80,55,0,26,4,9,118,20,17,20,0,0,18,2,5,9,0,1,4
47724293,democrat,MN,senate,276,33,676,358,26,60,68,59,660,87,35,8,11,0,21,49,9,3,8,11,0
461720085,democrat,MA,house,69,0,223,190,4,30,0,7,260,19,21,12,0,0,4,10,0,0,0,8,0
72198806,democrat,NY,senate,588,108,269,251,47,315,3,50,922,62,116,54,19,0,45,56,4,6,5,2,0
33537967,democrat,MN,senate,159,76,618,299,57,135,78,28,511,64,51,71,6,1,94,24,30,27,12,24,0
29501253,democrat,CA,house,39,23,30,20,8,76,1,19,276,1,27,48,0,0,127,1,4,2,3,0,0
515822213,democrat,MT,senate,37,62,95,119,35,26,64,38,178,55,7,163,0,2,0,17,12,7,66,7,1
248735463,democrat,CA,house,390,86,331,285,117,171,7,131,369,57,109,99,59,12,128,68,6,3,8,5,0
24768753,democrat,OH,senate,243,57,631,457,74,71,12,293,907,98,27,26,13,7,15,135,14,3,2,22,2
15808765,democrat,NJ,senate,249,26,479,111,29,171,6,69,646,45,60,28,11,4,68,36,10,2,0,12,0
803694179079458816,democrat,CA,senate,89,18,87,34,15,87,0,8,123,15,90,8,2,2,17,10,2,3,9,4,0
119250381,democrat,NY,house,143,17,152,119,7,130,0,50,309,5,26,11,2,0,15,15,5,0,2,4,0
117501995,democrat,WA,senate,152,191,115,634,298,125,81,138,283,70,71,85,14,50,25,56,227,95,292,149,11
21406834,democrat,MA,senate,410,122,170,287,214,227,7,91,527,42,123,207,1,4,174,18,125,106,7,176,1
460376288,democrat,ND,senate,41,43,451,290,2,55,265,31,263,33,5,69,9,1,7,23,8,0,35,60,9
303633791,democrat,CA,house,51,9,367,27,22,25,1,31,228,18,36,5,6,0,18,15,2,4,1,10,0
357606935,democrat,MA,senate,66,21,107,45,10,49,0,30,223,26,22,11,3,1,6,8,3,0,6,7,0
109287731,democrat,NH,senate,109,66,156,309,73,132,17,44,210,44,36,164,2,1,146,9,17,11,15,20,9
784965392,democrat,WI,house,48,13,31,39,5,17,1,17,146,3,14,6,2,0,12,3,0,0,1,0,0
1071840474,democrat,IL,house,63,51,177,127,43,90,8,54,116,77,49,98,19,7,78,27,13,1,5,3,1
995193054,democrat,WA,house,134,79,157,179,49,46,38,77,67,73,35,31,43,23,22,57,13,6,28,24,7
13491312,democrat,OH,house,102,54,220,130,32,75,16,104,160,52,51,92,12,4,52,49,11,7,4,18,3
15954997,democrat,OR,house,71,10,70,59,49,76,51,40,215,12,29,22,7,0,22,4,7,5,13,3,0
816157667882373120,democrat,CA,house,24,63,95,22,48,91,10,24,34,14,45,35,6,2,1,13,9,3,12,22,0
193441812,democrat,WA,house,337,25,771,227,97,206,8,73,880,73,222,14,15,3,25,56,4,4,9,25,1
555355209,democrat,FL,senate,55,158,323,137,174,90,4,33,410,43,87,19,1,4,52,19,28,6,0,14,0
18909919,democrat,RI,house,94,135,408,165,65,98,39,63,184,157,27,219,17,10,50,35,38,50,15,18,0
172858784,democrat,VA,senate,59,10,133,50,9,71,4,27,124,23,33,49,0,0,37,7,1,2,2,8,2
308794407,democrat,IL,senate,129,25,84,196,62,294,12,24,415,63,283,29,6,7,88,5,4,21,3,6,1
381577682,democrat,DE,senate,17,2,78,31,36,19,2,14,72,6,13,11,1,0,3,7,1,0,0,1,0
18137749,democrat,MD,senate,73,45,84,123,26,101,8,133,323,30,43,35,1,8,94,6,10,10,1,5,0
431105217,democrat,NJ,house,47,47,283,41,15,84,1,148,258,32,9,67,1,1,15,25,31,2,3,0,5
309070309,democrat,WI,house,39,12,185,63,1,32,2,78,452,15,16,15,1,0,41,4,5,0,3,5,0
278124059,democrat,CT,senate,233,107,72,197,26,516,15,57,831,43,99,130,7,3,326,10,28,14,5,10,1
941000686275387392,democrat,MN,senate,73,56,280,279,43,42,174,70,150,110,38,46,25,20,17,53,15,37,9,59,0
1061029050,democrat,ND,senate,150,294,288,699,47,457,657,141,309,153,51,255,21,11,32,109,65,21,117,242,20
266719387,democrat,MD,house,18,1,19,5,1,2,0,0,64,1,3,1,0,0,0,3,0,0,0,0,0
20747881,democrat,AZ,house,89,8,273,345,1,37,5,14,408,48,32,115,23,0,4,30,1,1,12,5,0
164007407,democrat,NY,house,115,24,196,144,58,77,3,28,200,19,49,34,12,0,182,6,2,4,3,7,0
1045110018,democrat,MI,house,72,50,193,91,206,82,16,99,150,45,59,97,18,4,21,58,16,5,13,5,1
1135486501,democrat,CA,house,148,170,251,211,150,145,12,143,252,102,163,211,17,38,64,40,40,11,39,47,7
942156122,democrat,CA,house,114,44,411,93,10,305,5,113,670,33,44,78,2,0,178,10,25,2,1,7,0
161791703,democrat,VA,house,72,84,215,118,16,59,6,84,174,105,13,51,12,2,9,32,8,4,11,10,0
156333623,democrat,TX,house,49,9,38,22,0,39,0,6,107,3,22,14,0,1,11,6,0,0,0,0,0
2962868158,democrat,VA,house,377,162,372,525,518,618,29,356,1818,81,348,122,22,7,204,24,24,29,46,98,7
249787913,democrat,DE,senate,54,33,90,188,276,53,21,62,266,35,47,91,3,0,19,15,44,0,28,41,0
811313565760163844,democrat,NV,senate,112,49,132,82,26,165,5,29,128,33,195,44,6,8,20,19,21,17,27,9,0
1099199839,democrat,NM,senate,91,65,78,102,120,122,14,118,243,56,130,80,2,3,87,21,31,23,113,107,3
1155335864,democrat,NJ,house,64,43,87,70,8,85,2,42,95,53,50,25,3,0,27,4,33,0,0,4,0
18696134,democrat,NJ,house,28,39,46,84,11,69,2,31,84,20,51,25,27,5,157,13,29,4,4,15,4
817050219007328258,democrat,DE,house,56,10,18,20,6,31,24,7,16,29,12,3,11,0,4,13,1,1,0,1,0
1071102246,democrat,CA,house,29,21,46,21,58,28,14,23,99,9,13,10,7,0,10,3,9,5,23,8,0
1060984272,democrat,CT,house,137,55,185,104,27,178,12,46,90,80,35,155,26,2,14,15,70,5,10,7,0
188403766,democrat,IL,house,17,0,5,3,1,4,0,3,46,0,1,1,0,0,0,0,0,0,0,0,0
224285242,democrat,CO,senate,69,29,82,80,89,57,49,85,166,42,64,51,3,0,44,14,11,8,47,39,3
1055907624,democrat,MA,house,135,25,245,201,25,153,0,46,172,67,84,20,6,5,43,14,1,1,2,16,0
305620929,democrat,MD,house,27,21,166,74,20,73,13,46,139,44,37,78,7,2,40,14,5,18,4,3,0
806906355214852096,democrat,MD,house,130,27,177,85,36,178,2,64,347,85,83,21,15,1,59,7,7,2,2,6,0
18695134,democrat,NJ,senate,281,143,276,417,62,274,7,163,596,67,302,122,1,3,362,14,29,15,0,24,0
236279233,democrat,CA,house,48,25,150,71,7,95,3,47,100,16,112,25,7,1,37,12,17,0,7,2,0
24195214,democrat,IL,house,238,53,100,284,27,141,3,131,319,16,133,35,65,1,67,59,7,16,1,6,0
28602948,democrat,AZ,house,141,69,77,161,159,141,8,128,284,86,401,66,21,6,45,27,3,7,76,38,0
92186819,democrat,HI,senate,99,48,69,48,18,53,3,18,252,7,69,32,1,0,16,2,1,2,14,5,0
40302336,democrat,NY,house,250,12,139,86,7,210,1,25,660,21,168,29,0,5,76,7,4,6,6,0,0
1222257180,democrat,CA,house,34,24,83,30,16,30,3,30,85,8,75,18,12,0,15,2,4,4,3,1,0
1058520120,democrat,IL,senate,176,39,120,199,60,166,7,32,270,45,54,175,17,3,94,39,39,2,4,11,0
462143773,democrat,RI,house,53,26,69,112,20,46,2,85,194,50,34,31,4,4,35,24,10,2,16,7,0
1037321378,democrat,CA,house,99,14,46,53,5,45,0,27,120,84,57,80,6,0,12,31,2,8,1,5,0
250188760,democrat,OR,senate,307,105,188,484,59,188,45,317,593,71,91,64,26,3,118,53,8,38,60,56,3
3018670151,democrat,CA,house,23,13,46,21,4,32,0,15,30,38,79,20,2,7,0,15,0,0,0,0,0
164369297,democrat,NY,house,289,399,375,196,81,262,7,119,468,59,310,48,14,31,85,31,34,16,14,21,1
249410485,democrat,GA,house,22,63,32,25,7,5,16,5,17,18,3,51,6,1,2,2,5,1,10,0,1
163570705,democrat,MO,house,114,76,242,157,54,65,37,194,262,59,64,81,26,22,46,45,5,8,3,14,28
1260172386,democrat,CA,house,42,11,60,21,8,54,3,9,40,25,86,20,4,0,4,2,8,0,6,0,0
1051127714,democrat,NY,house,71,39,111,38,9,66,2,12,104,29,102,52,9,2,39,15,34,1,12,2,0
1089859058,democrat,CA,house,16,17,40,73,8,18,1,6,34,10,5,23,1,4,5,0,4,1,9,4,0
466532637,democrat,OH,house,75,38,202,39,11,35,1,45,189,30,6,21,2,0,15,26,5,2,1,5,3
442824717,democrat,MA,house,18,47,63,86,6,15,6,69,60,11,8,27,10,2,16,6,16,9,3,0,2
510516465,democrat,IA,house,16,10,75,17,4,4,24,6,22,12,1,28,0,1,3,2,4,6,0,13,0
2970279814,democrat,MI,house,139,23,131,177,132,123,9,46,107,28,42,43,34,2,39,42,14,20,11,17,2
823552974253342721,democrat,MD,house,60,22,53,72,18,123,3,49,82,61,110,81,11,1,27,20,8,0,7,14,1
242892689,democrat,MA,house,63,28,127,67,18,62,3,25,107,27,34,77,2,3,11,13,6,1,27,43,0
20113797,democrat,MI,senate,15,7,123,73,22,12,19,14,99,19,1,18,0,0,5,8,8,0,0,9,0
3166120541,democrat,CA,house,140,2,64,23,6,7,0,18,1036,1,1,1,0,1,24,0,0,0,0,0,0
818554054309715969,democrat,NV,house,74,36,145,84,17,60,1,46,73,73,145,54,2,6,10,20,6,11,15,36,0
36948268,democrat,IL,house,58,77,162,18,1,88,0,54,236,4,479,13,0,0,20,1,3,0,2,2,0
102178242,democrat,NV,house,26,13,171,24,5,38,1,15,36,45,56,39,5,2,12,9,5,1,8,7,0
84119348,democrat,NY,house,50,32,83,124,89,51,14,60,164,39,22,25,20,0,5,17,10,19,9,48,0
240812994,democrat,NY,house,165,66,210,106,29,105,3,65,202,25,110,22,10,5,50,8,5,13,3,0,0
1083448909,democrat,TX,house,8,9,18,12,3,16,7,2,16,8,44,5,4,0,4,0,4,0,0,0,0
310310133,democrat,MA,house,29,16,112,33,5,36,0,21,57,15,18,68,2,11,29,17,22,12,6,14,0
1058717720,democrat,NH,house,92,48,116,246,34,168,30,26,80,59,28,112,9,8,38,19,7,12,13,9,1
1265423480,democrat,NJ,house,17,4,31,13,6,11,0,5,103,9,2,0,0,0,0,0,5,0,0,1,0
2409478435,democrat,CA,house,14,3,41,14,0,26,1,8,83,4,9,10,0,0,12,2,0,0,0,0,0
20688358,democrat,TX,house,17,1,81,9,0,1,0,4,77,3,11,5,0,0,6,1,1,0,1,1,0
1077121945,democrat,FL,house,355,46,66,234,37,269,12,87,271,53,70,46,14,0,89,22,26,1,9,2,0
1262814457,democrat,MN,house,33,114,115,160,39,28,55,53,118,27,46,175,11,2,29,21,5,13,5,8,0
111635527,democrat,TX,house,24,65,109,253,11,21,9,35,61,21,93,22,16,2,16,13,7,1,2,23,0
1134292500,democrat,TX,house,8,4,103,25,4,9,2,3,15,20,24,47,1,2,6,3,9,4,3,0,0
1410590874,democrat,VT,house,33,27,89,76,39,31,30,19,76,15,27,19,9,1,24,11,2,7,6,20,1
193732179,democrat,CA,house,87,13,55,121,40,149,3,65,133,10,228,17,7,0,31,11,2,2,6,2,0
432771620,democrat,CA,house,57,6,49,25,15,27,3,18,49,40,20,53,4,1,11,9,1,4,2,2,0
558769636,democrat,OR,house,133,64,204,175,211,130,23,35,168,272,84,31,22,9,28,76,15,8,18,30,0
242836537,democrat,VT,senate,262,56,340,191,86,281,101,212,1210,67,132,88,11,15,222,16,23,12,36,18,3
893496121,democrat,CT,house,44,1,76,14,0,20,3,9,74,12,2,1,2,0,3,9,1,0,0,0,0
312134473,democrat,CA,house,67,30,108,87,14,30,3,103,89,14,113,23,11,0,3,20,4,0,6,6,0
4304448314,democrat,PA,house,58,56,150,205,56,116,18,194,256,55,45,72,19,5,104,60,16,2,3,3,6
1055685948,democrat,MN,house,43,20,76,87,22,22,23,51,57,26,6,36,12,1,8,15,25,8,7,5,1
188019606,democrat,SC,house,24,14,21,5,4,11,3,19,30,8,2,2,15,1,2,3,4,0,3,3,0
258900199,democrat,NY,house,476,63,323,293,60,511,8,199,801,442,251,49,702,5,70,40,23,16,18,6,0
1531521632,democrat,OH,house,228,68,366,277,9,79,15,196,281,89,20,70,38,18,23,46,8,9,6,4,0
33576489,democrat,NY,house,67,67,246,173,59,126,12,62,173,26,18,158,22,11,21,20,124,3,67,9,4
29201047,democrat,OR,senate,147,63,140,109,168,128,9,77,346,29,112,52,3,1,98,19,4,6,11,54,2
38254095,democrat,CA,house,49,22,76,111,28,37,4,24,93,23,16,18,21,0,9,5,9,15,8,2,0
112740986,democrat,WI,house,14,23,43,39,12,4,38,14,9,14,1,21,0,0,0,2,1,1,11,1,2
2863006655,democrat,MI,house,178,24,181,84,29,113,3,44,279,20,79,23,4,0,18,18,3,1,0,2,0
24745957,democrat,GA,house,129,20,239,82,24,62,3,42,225,44,62,29,13,0,36,30,6,4,2,10,0
756123897783808000,democrat,FL,house,14,4,38,27,10,20,0,5,39,12,3,12,0,1,6,1,5,0,0,3,0
2916086925,democrat,NC,house,263,389,502,220,45,162,35,149,432,362,65,80,72,8,32,97,17,58,8,70,0
235373000,democrat,HI,house,77,122,161,69,53,58,8,46,112,27,39,60,5,1,33,7,24,5,17,4,0
479872233,democrat,CA,house,131,55,384,129,16,168,9,53,227,89,392,65,18,7,31,33,26,1,0,3,0
2724095695,democrat,VI,house,88,99,126,28,10,15,5,30,119,21,15,6,21,2,22,11,14,4,6,0,0
65541270,democrat,FL,house,43,2,112,17,2,280,0,7,105,37,3,2,1,0,9,2,0,0,0,0,0
818472418620608512,democrat,FL,house,46,25,76,15,6,20,21,15,38,28,12,26,13,0,4,4,5,2,1,2,0
7429102,democrat,VA,senate,187,175,173,178,15,133,29,137,557,45,44,187,1,1,271,21,19,28,59,8,6
247334603,democrat,IL,senate,172,98,143,448,64,451,37,79,814,182,332,90,5,16,340,6,21,19,26,1,1
293131808,democrat,WA,senate,519,49,172,920,274,378,29,137,855,332,121,75,14,3,37,73,32,24,65,24,6
1080509366,democrat,IL,house,52,7,35,73,43,35,4,25,34,41,37,30,5,0,11,4,2,11,2,9,0
33563161,democrat,NY,house,38,75,100,30,0,38,1,12,74,27,66,8,7,3,21,6,2,7,0,3,0
3091316093,democrat,MA,house,20,31,142,49,19,6,12,21,63,20,19,54,9,0,18,11,9,1,7,15,1
234374703,democrat,WV,senate,16,23,125,127,5,29,10,41,127,29,9,52,0,0,3,25,21,11,16,12,0
267854863,democrat,LA,house,38,10,43,8,0,7,0,8,48,9,4,11,0,3,0,5,6,4,0,0,0
819744763020775425,democrat,PR,house,31,241,364,53,14,8,17,35,133,15,97,121,9,7,34,3,13,2,23,24,1
155669457,democrat,NC,house,117,142,133,58,29,65,6,62,286,44,90,40,12,10,79,6,23,13,8,16,1
249348006,democrat,CA,house,112,22,55,62,17,59,1,55,125,11,42,18,10,0,15,4,2,35,1,7,0
486694111,democrat,RI,senate,36,27,127,96,14,44,5,23,118,68,12,137,8,8,50,13,21,2,10,6,0
816181091673448448,democrat,VA,house,118,15,98,99,202,33,4,48,171,46,32,45,13,10,21,22,5,7,31,49,1
171598736,democrat,PA,senate,100,26,98,209,9,165,24,102,245,53,58,87,22,1,53,55,10,7,3,4,6
941080085121175552,democrat,AL,senate,48,25,93,60,4,27,4,27,53,23,3,31,2,0,4,15,9,10,4,1,1
161411080,democrat,CA,house,53,20,36,85,42,50,2,23,76,11,70,33,8,0,7,10,17,1,18,2,0
257180565,democrat,IL,house,25,1,176,12,1,7,13,52,228,4,0,6,0,0,0,11,3,0,0,3,0
278005891,democrat,IL,house,13,8,76,9,8,20,0,9,110,6,0,6,0,0,4,0,0,0,0,0,0
789244177,democrat,IL,house,27,15,89,57,0,53,4,130,114,5,8,10,2,1,13,11,0,3,0,5,2
236511574,democrat,MI,senate,38,63,123,83,59,34,16,32,93,37,4,43,0,1,30,25,26,15,3,5,0
305216911,democrat,IL,house,132,40,198,270,58,104,5,134,340,38,70,42,30,14,43,21,16,11,4,29,0
193872188,democrat,IN,house,5,2,27,7,6,3,0,8,6,6,3,16,0,1,2,12,7,1,0,1,1
41225640,democrat,WA,house,37,3,54,28,15,19,2,15,116,5,5,2,0,0,4,3,4,1,1,3,0
221792092,democrat,NY,house,102,36,69,151,20,95,13,122,308,41,78,49,3,10,141,8,31,5,10,6,0
140519774,democrat,CT,house,100,44,82,230,16,98,17,53,117,54,51,26,50,3,11,106,5,7,1,3,1
35567751,democrat,WA,senate,30,6,115,33,14,9,1,12,227,3,18,4,0,9,1,5,3,0,22,8,0
223166587,democrat,OR,senate,138,28,152,124,28,117,0,54,563,42,85,35,1,0,47,8,7,0,8,12,0
937723303,democrat,MD,house,32,24,41,25,17,24,5,52,61,18,8,44,1,3,26,4,9,12,2,1,0
381152398,democrat,AL,house,235,33,217,92,29,69,11,53,180,35,27,45,11,0,35,28,10,13,9,2,7
50452197,democrat,CT,house,40,70,103,150,4,46,2,94,76,29,11,48,85,6,9,21,28,1,5,1,0
970207298,democrat,MA,senate,111,230,68,118,32,84,2,105,408,58,64,102,9,21,82,53,2,3,15,36,1
2319503065,democrat,VA,house,41,3,235,22,25,46,0,12,235,17,2,7,0,1,8,10,6,1,1,10,0
199325935,democrat,IN,house,53,11,54,28,2,23,0,5,56,12,20,25,4,2,24,16,28,0,4,1,0
168502762,democrat,TX,house,63,10,91,60,19,39,2,18,118,44,17,31,7,0,13,7,8,6,5,3,0
15324851,democrat,DE,senate,161,92,171,234,71,159,34,95,518,109,64,127,8,2,272,32,13,7,11,31,5
385429543,democrat,CA,house,68,13,69,38,29,21,0,13,77,24,9,45,0,0,7,5,3,6,4,14,0
855240223432769538,democrat,PA,house,14,2,78,10,0,9,3,5,125,4,0,10,1,0,0,14,1,0,0,1,0
30216513,democrat,CA,house,32,42,44,20,8,27,4,46,86,22,23,46,1,0,119,3,6,0,8,2,1
1074518754,democrat,WI,senate,56,73,109,573,57,51,134,191,104,88,19,119,3,0,23,76,46,14,29,15,4
26283468,democrat,NY,house,2,2,21,1,0,4,0,5,16,0,2,1,0,0,4,0,2,0,0,0,0
245451804,democrat,CA,house,42,25,147,54,55,64,97,28,26,94,49,99,17,3,14,11,8,0,37,0,6
25781141,democrat,MI,house,17,2,5,64,7,16,1,25,25,8,11,7,1,0,27,16,2,1,3,0,1
432676344,democrat,NC,house,175,250,404,159,12,33,6,89,395,108,25,38,51,2,14,24,15,6,6,8,0
816705409486618624,democrat,NY,house,6,4,48,9,10,16,0,7,22,7,16,17,3,0,13,14,7,0,0,2,0
1058917562,democrat,WA,house,35,48,188,57,59,18,30,67,63,28,15,93,4,3,13,35,25,20,58,3,1
18907463,democrat,CA,house,0,1,6,6,0,7,0,3,10,0,0,0,1,0,3,1,0,1,0,0,0
818536152588238849,democrat,TX,house,13,33,80,27,6,27,12,10,23,22,55,30,2,5,9,3,1,0,5,0,1
94154021,democrat,PA,senate,40,14,219,66,0,21,0,22,223,25,4,3,3,0,5,32,2,0,0,2,0
158520264,democrat,WA,house,36,6,119,18,2,9,2,3,230,3,5,9,2,0,9,15,3,0,0,3,1
1140648348,democrat,FL,house,42,48,20,62,26,84,0,17,43,10,34,19,1,1,33,4,6,0,0,7,0
1339931490,democrat,IL,house,125,29,257,232,20,235,45,110,171,75,24,54,4,5,36,54,11,6,5,8,2
60828944,democrat,NM,senate,100,43,53,119,132,93,20,47,267,43,101,84,10,0,32,14,19,13,87,12,1
85896319,democrat,IL,house,52,2,63,37,5,27,0,30,123,11,7,3,1,0,4,25,2,1,1,1,0
4228409359,democrat,CA,house,29,0,18,1,3,1,0,0,20,1,0,0,0,0,0,1,0,0,0,0,0
45645232,democrat,CO,senate,4,0,1,2,1,0,0,0,21,0,1,0,0,0,0,0,0,2,0,0,0
1609364557,democrat,NC,house,8,3,21,4,0,1,0,0,61,3,0,1,4,0,0,0,0,0,0,0,0
89992368,democrat,NH,house,24,8,171,69,7,37,4,19,155,29,3,35,0,0,0,5,1,1,0,9,0
145292853,democrat,MI,senate,9,6,35,15,9,10,5,2,61,3,0,5,0,0,0,8,1,1,1,4,0
378631423,democrat,CA,senate,65,2,35,17,5,55,1,5,238,3,23,5,0,0,7,2,0,0,3,4,0
787373558,democrat,MD,house,63,25,60,172,7,49,2,32,279,18,30,20,5,0,31,5,3,0,0,2,0
521731529,democrat,CA,house,180,8,39,48,36,140,0,15,164,3,30,4,1,0,41,1,0,0,0,0,0
18907639,democrat,NY,house,5,0,174,3,15,49,0,2,84,7,5,14,0,0,13,6,2,0,0,0,0
14984637,democrat,ME,house,66,40,83,135,89,67,172,64,191,26,64,72,40,1,27,20,13,9,7,28,0
459051498,democrat,VA,house,16,10,92,10,25,11,2,8,140,3,3,4,2,1,7,17,3,0,0,8,0
3067974778,democrat,MD,senate,13,0,0,3,0,0,0,4,22,0,0,0,0,0,0,0,0,0,0,0,0
3145735852,democrat,NV,senate,15,1,85,69,0,36,0,1,183,1,19,4,0,0,1,7,0,1,4,0,0
1378000346,democrat,MD,house,14,1,11,9,0,3,0,6,54,4,1,1,0,0,0,0,0,0,0,0,0
69326168,democrat,AL,house,54,2,75,18,0,9,0,5,111,5,1,3,4,0,0,6,1,1,4,1,0
361569788,democrat,NH,senate,7,0,16,11,0,0,0,0,53,0,0,0,0,0,0,0,0,0,0,0,0
409719505,democrat,VA,senate,0,0,53,3,0,0,0,1,58,1,0,17,0,0,0,1,0,0,0,5,0
142419647,democrat,LA,house,8,2,41,6,0,1,0,3,55,5,0,10,0,1,0,1,1,0,0,0,0
472315803,democrat,PA,house,6,2,63,9,1,0,0,15,38,0,0,9,0,0,0,4,0,0,0,0,0
30252303,democrat,CA,house,18,0,10,14,1,19,0,6,71,4,13,4,0,0,7,4,0,0,0,0,0
122124607,democrat,OR,senate,8,0,10,0,0,0,0,0,23,1,0,0,0,0,0,0,0,0,0,0,0
128664931,democrat,MA,house,33,1,134,11,2,22,1,9,122,8,4,0,12,0,2,7,1,0,0,0,0
801478506,democrat,MO,house,61,11,134,22,12,22,2,12,244,14,25,29,5,0,18,6,5,0,4,0,2
1129029661,democrat,MA,senate,5,2,27,1,2,0,0,0,18,4,0,2,1,0,0,0,0,0,0,5,0
18674498,democrat,MI,house,17,2,120,38,20,16,0,21,183,16,3,1,0,4,1,15,1,0,0,1,0
43986986,democrat,CA,house,36,5,213,217,16,2,0,1,275,4,4,11,5,0,1,1,0,0,0,3,0
2433737761,democrat,FL,house,68,37,33,93,23,86,26,31,65,15,33,28,16,1,36,7,4,0,3,9,0
125706625,democrat,VA,house,3,10,57,0,0,1,0,0,65,2,1,1,0,0,1,0,0,0,0,6,0
323440720,democrat,TX,house,45,0,128,9,0,10,1,6,175,2,21,9,0,0,2,1,1,0,0,0,0
325162736,democrat,CT,house,30,41,38,35,33,31,1,0,23,13,10,42,7,0,4,2,4,0,2,1,0
328679423,democrat,IL,senate,6,1,21,5,0,10,1,3,38,0,6,15,1,0,0,0,0,0,0,0,0
95546148,democrat,MA,house,25,4,48,5,4,30,0,12,77,1,0,5,4,0,2,9,0,0,4,5,0
176512266,democrat,CA,house,4,0,11,2,2,6,0,0,12,1,1,2,0,0,0,0,0,1,0,0,0
582070020,democrat,OH,house,31,0,44,17,0,10,0,12,109,13,0,6,1,0,0,4,4,0,0,4,0
20545793,democrat,OR,house,4,20,40,4,9,3,18,5,10,26,14,7,1,3,1,4,6,1,6,1,0
29450962,democrat,GA,house,25,0,27,3,2,10,0,3,18,1,5,6,0,0,12,0,0,2,1,0,0
36686040,democrat,CA,house,16,8,36,24,12,22,0,11,147,24,3,11,0,2,22,1,1,1,2,0,0
82453460,democrat,MS,house,43,27,70,35,5,18,5,39,103,13,25,12,9,1,21,1,4,0,7,1,0
44251742,democrat,CA,house,26,3,27,7,4,13,0,9,60,0,1,20,0,0,1,6,1,0,0,0,0
1262099252,democrat,HI,senate,11,6,9,6,6,2,1,5,13,14,5,7,0,0,1,0,1,2,0,4,0
364415553,democrat,MD,house,40,14,39,40,8,27,1,56,270,6,7,10,0,0,19,2,0,4,4,5,0
39249305,democrat,PA,house,83,17,25,115,37,25,4,32,72,9,6,15,9,0,4,5,3,39,4,10,0
63169388,democrat,NY,house,14,10,17,19,5,11,3,19,36,4,5,11,0,0,7,5,6,4,0,0,0
120518554,democrat,WA,house,18,0,20,10,6,9,3,9,32,2,5,2,5,0,3,6,1,0,2,5,0
126171100,democrat,NH,house,56,1,22,47,16,43,7,9,60,5,5,52,3,1,22,2,3,0,6,0,0
169198625,democrat,HI,senate,2,0,2,0,1,1,0,0,8,0,1,0,0,0,0,0,0,0,0,0,0
267938462,democrat,CA,house,26,1,15,20,7,12,4,7,53,3,41,4,0,0,19,2,0,1,1,1,0
195115786,democrat,OR,house,1,0,0,1,1,1,0,0,1,0,0,0,0,0,0,0,0,0,0,0,0
168673083,democrat,GA,house,8,5,28,24,0,1,11,1,11,11,1,4,8,0,0,13,0,0,0,0,1
252249233,democrat,OR,house,17,16,25,25,12,6,6,35,25,21,2,14,1,0,16,5,19,3,12,2,0
3404875323,democrat,FL,house,1,0,3,0,0,1,0,0,1,0,0,0,0,0,1,1,0,0,0,0,0
4049197462,democrat,DE,house,9,3,35,9,4,5,0,2,48,2,1,4,0,0,0,5,0,0,1,0,0
815985039485837312,democrat,CA,house,9,1,16,7,0,23,0,14,20,8,37,16,0,0,2,3,1,0,0,0,2
232992031,democrat,MA,house,4,1,26,7,4,21,2,3,24,0,2,20,0,0,13,0,0,0,5,0,0
1961794370,democrat,MD,house,30,5,66,23,8,20,4,12,116,7,14,1,4,1,5,4,1,0,1,0,0
776664410,democrat,PA,house,11,4,19,23,5,6,0,9,8,3,3,10,1,0,0,4,1,0,4,2,0
2389877058,democrat,SC,house,2,0,3,0,0,0,0,0,13,0,0,0,0,0,0,0,0,0,1,0,0
480872337,democrat,OH,house,2,3,13,8,1,1,0,4,41,1,0,0,0,0,1,2,0,0,0,0,0
2348492935,democrat,FL,house,1,0,4,0,0,0,0,1,3,0,1,1,0,0,2,0,0,0,0,0,0
2361650234,democrat,MI,house,2,0,15,1,2,1,1,0,16,0,0,0,0,0,0,0,0,0,0,0,0
259364314,democrat,MD,house,4,0,5,3,0,5,0,4,20,1,0,1,0,0,1,0,0,0,0,0,0
3237898542,democrat,CA,house,1,0,7,0,9,1,0,0,33,0,0,1,0,0,0,1,0,0,1,0,0
349296252,democrat,FL,house,8,0,5,4,0,0,0,0,9,0,0,0,0,0,0,0,0,0,0,0,0
2543742324,democrat,CA,house,9,5,13,5,0,7,0,2,8,0,4,0,0,0,0,0,0,0,0,0,0
926329950579200000,democrat,NY,house,0,1,2,0,1,0,0,0,0,0,1,0,0,0,0,0,0,1,0,0,0
148453195,democrat,PA,house,6,0,9,5,0,6,0,3,6,4,4,4,1,0,1,3,0,0,0,2,0
316165422,democrat,CA,house,1,0,3,0,0,0,0,0,5,0,1,2,0,0,0,0,0,0,0,0,0
182217410,democrat,NY,house,1,0,2,0,0,1,0,0,2,0,2,0,0,0,0,0,0,0,0,0,0
454016836,democrat,NY,house,2,0,1,0,0,0,0,2,5,0,0,0,0,0,0,0,0,0,0,0,0
3282677347,democrat,IN,house,0,0,0,0,0,0,0,0,8,0,0,0,0,0,0,2,0,0,0,0,0
14125897,democrat,NH,senate,2,0,3,0,0,0,0,0,3,0,0,0,0,0,0,1,0,0,0,0,0
18829123,democrat,OH,house,0,0,0,0,0,0,0,0,4,0,0,0,1,0,0,0,0,0,0,0,0
331196602,democrat,MN,house,0,0,0,0,0,0,0,0,1,0,0,0,0,0,0,0,0,0,0,0,0
493429193,democrat,IL,house,0,0,0,0,0,0,0,0,1,0,0,0,0,0,0,0,0,0,0,0,0
479017220,democrat,NY,house,0,0,1,0,0,0,0,0,15,0,0,0,0,0,0,0,0,0,0,0,0
4615689368,democrat,TX,house,0,0,1,0,0,0,0,0,3,0,0,0,0,0,0,0,0,0,0,0,0
124540457,democrat,MA,house,0,0,0,0,0,0,0,0,1,0,0,0,0,0,0,0,0,0,0,0,0
793208286,democrat,CA,house,0,0,1,0,0,0,0,0,4,0,0,0,0,0,0,0,0,0,0,0,0
19407835,republican,CO,house,19,34,131,65,5,37,5,51,85,35,58,162,3,6,46,17,2,12,1,2,0
63150856,republican,TN,house,424,94,1612,289,5,349,58,436,2729,19,282,315,10,0,76,64,6,30,9,4,0
2750127259,republican,NY,house,68,8,59,28,3,50,2,27,144,9,39,72,1,0,74,4,2,0,0,2,0
202206694,republican,WY,senate,16,22,60,53,86,5,16,53,85,33,2,45,0,0,18,28,8,0,25,35,0
487297085,republican,FL,house,15,177,459,31,111,183,16,194,393,146,29,78,0,0,48,18,8,1,2,0,0
22055226,republican,TX,house,105,25,85,34,10,62,11,102,334,21,151,61,1,0,85,19,11,3,16,16,0
15751083,republican,TX,house,12,26,50,107,1,20,0,31,51,7,26,41,0,0,16,1,6,2,0,5,0
266133081,republican,NV,senate,14,77,161,181,29,108,5,57,83,76,10,261,4,21,12,50,61,9,80,41,1
815931811348017152,republican,NY,house,5,18,59,64,14,12,47,30,32,12,19,58,6,3,19,7,12,0,8,3,2
11651202,republican,MT,senate,16,45,161,30,18,49,62,62,187,26,6,84,1,1,17,19,10,16,123,25,0
743601590,republican,TX,house,7,13,32,47,0,20,0,22,51,8,42,34,0,0,32,4,0,0,0,2,0
124224165,republican,MI,house,14,70,154,232,183,57,16,166,85,41,19,85,3,6,5,50,38,3,15,52,0
233737858,republican,WI,senate,32,74,192,116,2,56,18,60,195,24,41,133,1,4,48,17,11,3,1,6,12
1499993378,republican,SC,house,10,43,146,14,9,2,3,51,73,5,1,23,4,0,5,1,8,2,18,21,3
3317799825,republican,MS,house,6,20,88,8,1,2,10,23,44,14,0,58,1,2,6,11,5,3,2,1,0
818975124460335106,republican,NE,house,41,53,288,109,9,92,58,167,178,66,45,325,24,2,88,42,16,3,5,21,12
1077446982,republican,TX,house,28,97,464,81,60,57,6,339,171,58,90,165,0,0,33,39,14,0,2,12,1
570005456,republican,TX,house,48,85,223,104,0,45,4,419,180,18,35,68,3,0,5,56,0,0,0,11,12
109579534,republican,NY,house,34,101,559,136,36,39,74,64,446,34,20,245,2,0,15,22,24,2,12,11,3
193794406,republican,WV,senate,50,148,352,334,59,74,11,178,249,98,18,86,2,7,5,69,60,50,39,42,0
18632666,republican,KS,senate,37,47,110,72,9,98,65,39,132,40,7,128,6,0,33,11,85,19,11,4,13
742735530287304704,republican,OH,house,43,24,76,23,1,38,6,112,113,13,53,60,5,0,27,18,3,6,2,1,3
14275291,republican,FL,house,276,91,1732,262,70,118,28,33,363,181,618,184,15,4,710,16,33,2,25,7,0
234022257,republican,WI,house,29,117,335,69,38,84,69,651,249,34,26,93,14,12,48,156,10,4,12,10,8
2973870195,republican,GA,house,4,63,165,104,4,24,10,95,28,22,5,55,0,1,2,11,10,6,4,0,0
343171266,republican,UT,house,24,18,74,29,9,13,5,59,108,1,25,14,0,6,0,7,4,0,3,4,10
89001820,republican,MN,house,4,7,68,40,2,11,6,41,63,5,1,12,4,0,0,0,0,1,3,2,0
1058807868,republican,FL,house,9,4,8,5,1,16,0,7,74,1,6,20,0,0,21,0,1,1,0,1,0
21572351,republican,MO,house,586,228,2034,450,58,781,103,412,2872,111,266,599,15,7,939,74,135,28,65,30,13
233842454,republican,MI,house,121,15,155,24,1,57,7,151,261,7,11,60,4,0,22,3,2,2,1,0,1
26424123,republican,TX,house,17,46,44,50,0,53,2,42,54,2,51,84,1,0,75,10,3,7,2,3,0
28423263,republican,SC,house,1,1,4,0,0,0,1,3,17,0,0,0,0,0,0,0,0,0,0,0,0
116604329,republican,PA,house,5,0,22,3,0,5,2,7,13,1,3,6,0,0,0,5,0,0,0,0,0
19926675,republican,TX,house,16,79,159,107,1,26,9,422,84,16,19,53,2,0,24,68,1,0,7,3,15
2962813893,republican,NY,house,12,97,175,215,59,64,61,41,135,101,17,194,18,0,15,28,32,16,15,31,12
18915145,republican,OH,senate,32,83,308,647,141,478,30,317,372,100,44,254,3,2,172,399,46,9,165,39,33
3353670647,republican,NY,house,25,59,134,75,4,101,1,42,79,36,10,154,0,0,51,2,22,1,12,1,0
235251868,republican,SD,house,19,36,239,53,4,24,106,116,77,51,2,64,4,5,3,12,16,2,9,23,1
14836282,republican,IN,house,27,8,116,14,1,10,3,49,178,9,13,90,1,0,27,13,1,0,5,0,0
37007274,republican,AK,house,0,19,68,17,28,10,10,12,54,4,1,38,1,0,0,2,32,0,14,13,0
827279765287559171,republican,LA,house,40,33,67,22,9,21,5,170,77,14,9,57,3,0,13,18,4,0,4,6,0
935033864,republican,NC,house,23,465,547,205,70,85,29,135,179,40,16,260,1,4,64,44,58,1,28,13,0
314205957,republican,IA,house,7,24,148,71,9,8,57,52,72,29,10,26,13,1,13,9,4,2,0,18,5
18916432,republican,WI,house,54,143,139,130,10,79,11,524,190,33,13,322,18,0,90,163,12,1,10,19,6
19739126,republican,CA,house,75,42,56,64,6,41,14,213,121,11,63,91,1,0,27,50,14,5,5,3,0
58579942,republican,FL,house,111,133,611,97,45,199,18,122,922,44,49,86,0,0,96,12,19,5,1,3,1
216881337,republican,KY,senate,98,12,103,90,25,75,13,187,315,8,9,157,5,0,260,0,2,1,0,8,0
130714799,republican,VA,house,6,11,340,23,4,1,20,14,105,4,4,13,1,0,2,2,1,0,7,14,0
814103950404239360,republican,FL,house,11,19,55,53,111,25,1,34,67,14,1,100,0,0,18,8,20,0,21,4,0
815966620300480514,republican,WI,house,8,12,52,54,17,10,25,62,86,14,7,85,0,0,43,21,5,6,0,1,1
39834947,republican,KY,senate,6,0,10,6,0,5,1,10,53,0,0,13,0,0,15,0,0,0,4,1,0
97171189,republican,TX,house,78,49,479,89,10,92,9,440,595,32,56,224,2,1,73,92,3,0,0,9,0
15874918,republican,NY,house,7,2,64,20,1,33,0,17,122,3,24,44,0,0,18,5,2,0,1,0,0
18166778,republican,OH,house,89,1,33,12,0,25,0,51,359,3,78,11,1,0,27,6,0,0,0,0,4
38978018,republican,NM,house,41,40,465,31,8,38,12,189,300,107,9,85,5,0,5,46,14,1,30,19,5
221162525,republican,PA,senate,14,21,78,23,0,97,17,73,67,15,24,72,0,1,26,10,2,0,0,15,7
274164368,republican,FL,house,3,13,100,1,0,6,10,3,62,4,1,11,4,0,4,0,1,0,0,0,0
41363507,republican,NV,senate,20,42,351,88,2,37,4,161,300,3,10,128,2,0,13,30,1,0,5,5,0
816652616625168388,republican,AZ,house,88,22,170,57,36,81,2,211,373,23,101,134,0,1,22,16,10,9,24,13,0
18229117,republican,WI,house,10,36,254,53,10,21,31,202,264,3,16,34,3,1,16,50,0,0,2,4,2
20053279,republican,TX,house,40,159,424,85,9,43,31,94,88,104,6,150,3,0,40,16,16,17,17,51,3
23022687,republican,TX,senate,251,78,1590,227,6,414,14,247,1301,46,121,264,7,0,151,46,34,18,4,60,0
18967498,republican,PA,house,21,15,130,48,20,51,91,50,53,102,5,67,34,0,8,23,4,3,22,20,0
317386234,republican,TN,house,7,9,99,0,0,6,6,11,118,0,0,7,0,0,0,0,0,0,0,0,0
18277655,republican,NY,house,5,8,58,41,1,40,0,10,39,2,12,43,0,0,23,3,1,0,1,4,0
1480852568,republican,NE,senate,68,22,282,61,3,24,11,63,172,14,3,33,2,0,34,2,4,1,10,0,0
15116570,republican,SC,house,0,4,7,0,0,10,0,0,1,1,0,0,0,0,0,0,0,0,0,0,0
252819323,republican,NY,house,11,27,136,112,6,21,30,216,119,33,16,40,9,0,12,34,14,9,1,10,9
1592481150,republican,AR,house,15,8,155,1,2,16,2,11,110,1,1,16,0,1,0,6,0,0,5,0,0
16102244,republican,WA,house,13,22,106,86,14,140,28,50,34,24,16,73,8,1,25,17,12,3,29,6,30
262756641,republican,UT,senate,396,105,719,301,20,430,21,370,3087,126,89,165,7,0,145,53,10,14,57,21,11
976969338,republican,OH,house,12,60,193,168,72,74,6,96,69,60,4,136,7,0,11,34,19,11,16,7,0
219429281,republican,IL,house,24,21,110,83,5,43,21,54,65,20,4,125,2,0,93,13,11,14,6,21,1
339822881,republican,KY,senate,30,97,41,251,54,67,177,192,671,43,33,136,0,4,29,55,10,5,40,34,0
1089334250,republican,KY,house,7,49,70,79,2,24,8,159,61,17,10,75,1,14,9,44,2,0,12,5,4
234128524,republican,IN,senate,21,53,164,119,24,27,28,74,154,72,3,193,6,34,162,54,24,13,2,11,2
5558312,republican,AR,senate,44,95,225,133,69,40,136,82,130,62,8,291,11,3,26,21,35,9,35,23,11
130733698,republican,WA,house,42,41,145,75,7,22,33,107,212,48,4,66,2,0,0,11,5,0,6,7,0
2963445730,republican,TX,house,63,70,299,58,14,58,32,64,128,78,97,210,7,0,65,25,17,23,23,22,11
975200486,republican,KY,house,79,23,344,54,7,130,49,153,514,22,20,106,4,0,65,4,9,5,3,9,2
98471035,republican,WY,house,15,2,112,23,0,19,4,16,125,9,4,73,0,0,32,1,1,0,1,4,0
74313566,republican,TX,house,5,0,32,5,0,1,1,1,6,0,7,15,0,0,0,1,2,0,0,0,0
13218102,republican,TX,senate,294,185,588,265,29,541,67,346,2081,85,278,393,36,1,315,47,53,19,33,51,44
237763317,republican,MO,house,31,39,166,139,1,50,85,155,60,55,13,176,17,6,37,12,5,12,3,12,3
72431423,republican,MN,house,13,30,336,32,16,17,29,62,167,4,3,43,2,0,6,12,11,4,3,3,1
2964174789,republican,NC,senate,30,386,250,61,16,60,27,53,254,24,47,155,1,1,159,16,23,1,8,11,1
37094727,republican,FL,house,20,177,265,68,38,54,32,133,134,43,135,116,2,16,247,54,107,1,21,2,0
3109108467,republican,NE,house,100,46,756,181,16,95,32,263,519,24,41,176,8,0,30,52,5,0,5,5,9
3303026415,republican,TN,house,158,9,401,75,1,39,13,102,366,26,84,59,3,0,27,15,9,1,0,0,1
237312687,republican,TX,house,81,65,621,127,11,51,19,498,331,112,47,281,1,0,174,81,17,56,9,30,6
93575832,republican,OH,house,2,9,80,8,0,0,17,14,45,0,0,2,0,0,2,1,0,0,0,1,0
37481291,republican,VA,house,48,66,641,153,1,84,3,227,793,47,44,72,5,6,45,51,58,9,1,11,5
1074101017,republican,IN,house,76,70,324,335,17,147,36,119,92,132,14,129,6,0,26,56,13,21,6,20,0
24852012,republican,GA,house,0,4,47,2,0,1,1,7,68,5,1,5,0,0,0,0,5,0,0,0,0
15394954,republican,OH,house,26,29,181,93,27,34,31,87,84,79,3,80,2,0,17,37,34,28,9,17,0
18061669,republican,AK,senate,36,134,183,236,119,76,70,50,133,82,17,157,11,11,12,21,68,13,141,151,2
3686482216,republican,IL,house,3,27,59,30,0,13,79,122,86,11,2,50,0,0,10,18,19,4,11,1,7
1177437224,republican,FL,house,39,46,557,50,64,46,7,98,227,34,167,53,1,0,124,25,12,0,1,10,4
2856787757,republican,IA,senate,18,62,121,86,18,45,121,92,108,24,9,168,4,1,27,24,11,3,8,23,18
234797704,republican,GA,house,12,79,115,30,13,22,71,37,52,19,5,175,15,0,10,9,2,3,4,2,0
19394188,republican,AZ,senate,13,3,52,11,2,23,1,23,49,0,10,97,0,0,101,2,1,2,8,0,6
382791093,republican,ND,senate,5,75,97,71,15,26,193,36,74,66,9,166,4,1,9,7,46,12,63,53,3
17513304,republican,MN,house,11,47,129,134,4,47,11,198,63,40,19,33,2,1,22,57,3,1,4,6,7
240427862,republican,WV,house,22,63,91,275,16,27,4,287,138,38,6,69,12,1,24,49,11,11,5,47,3
17976923,republican,WA,house,203,130,237,329,21,70,55,1180,186,73,12,209,16,0,52,235,17,6,15,14,3
2891210047,republican,AK,senate,9,18,44,44,26,43,11,25,61,4,5,50,1,0,13,0,10,0,4,4,0
264219447,republican,MS,senate,62,64,126,90,33,29,54,93,193,50,9,139,1,0,85,32,49,45,21,9,4
24735461,republican,TX,house,18,34,186,150,6,72,6,117,74,23,29,60,2,2,14,38,7,0,5,6,15
23712174,republican,MS,house,7,12,70,24,1,11,4,22,48,8,1,34,0,0,5,7,1,1,1,0,0
1383059977,republican,IA,senate,12,3,91,26,0,5,23,47,63,5,3,27,0,0,5,1,0,1,0,8,0
313719282,republican,OH,house,16,9,135,18,0,7,0,34,76,3,6,32,0,0,8,2,2,0,0,2,0
843636970538618880,republican,LA,house,12,9,27,10,3,12,19,38,27,17,22,41,0,0,5,9,14,0,7,13,0
111671288,republican,AR,senate,18,3,88,16,0,9,15,25,145,5,0,31,0,0,2,11,0,1,0,1,0
482450423,republican,AZ,house,112,12,322,139,8,64,2,63,456,18,84,243,1,0,19,15,3,5,10,2,0
2974648323,republican,CA,house,17,42,129,62,11,43,2,77,32,31,5,90,0,0,11,23,21,7,16,13,0
2962923040,republican,NE,senate,3,0,9,1,0,4,1,2,9,0,0,8,0,0,6,2,0,0,1,0,3
234469322,republican,AR,house,25,56,500,61,15,14,21,331,134,116,22,185,1,0,12,45,16,4,31,15,4
237299871,republican,AL,house,14,35,152,17,4,18,6,76,107,12,57,82,1,0,16,36,20,21,2,14,0
281540744,republican,FL,house,6,38,54,14,4,8,3,48,35,6,0,34,0,0,4,6,4,1,9,0,0
2933760046,republican,VA,house,48,89,283,278,3,153,18,110,168,113,2,157,8,2,45,64,59,12,9,6,0
242926427,republican,WA,house,8,45,47,113,47,18,42,30,20,24,0,28,0,4,7,39,34,0,44,17,0
235217558,republican,CO,senate,8,21,64,33,18,43,10,29,93,30,14,100,0,0,118,12,10,7,40,22,0
11650762,republican,MS,senate,72,11,148,21,0,60,15,83,415,5,56,180,2,0,18,4,2,3,0,3,0
497094511,republican,NC,house,8,2,12,1,0,6,0,16,33,0,4,12,0,0,4,2,0,0,0,0,0
816111677917851649,republican,FL,house,5,3,8,1,12,5,1,12,23,4,4,6,0,0,22,0,2,0,0,11,0
2965083477,republican,IA,house,11,76,115,63,4,19,47,187,97,35,20,92,12,5,4,39,15,4,5,18,0
2964287128,republican,GA,house,7,40,125,64,3,12,21,54,32,33,4,38,3,0,4,11,3,11,0,4,0
21346398,republican,CA,house,10,17,174,9,93,52,29,28,117,7,32,29,0,1,3,10,10,0,13,0,0
246769138,republican,CA,house,10,16,42,5,7,18,6,24,36,13,0,32,2,3,97,4,2,4,2,1,2
2976606250,republican,WI,house,26,44,116,60,6,12,28,87,35,34,4,62,12,2,23,51,4,0,2,3,0
246341769,republican,ID,house,15,2,36,8,5,14,4,11,52,6,42,11,0,0,9,1,0,0,9,2,0
851621377,republican,WI,house,11,26,43,31,0,23,1,35,35,0,8,3,0,0,2,4,0,17,0,6,0
28267055,republican,ND,house,6,6,145,21,0,16,34,50,220,16,22,27,1,0,4,9,0,0,0,15,6
960962340,republican,MD,house,21,56,69,30,6,26,8,47,40,9,16,44,5,0,10,3,11,0,8,5,0
368948092,republican,NC,house,2,2,27,6,0,2,0,13,52,1,1,4,0,0,5,2,0,0,0,0,0
235190657,republican,TN,house,21,21,121,31,13,33,17,138,77,22,16,78,4,0,20,9,7,3,8,35,2
811632636598910976,republican,MI,house,6,4,25,17,12,9,10,57,30,21,5,34,0,0,12,8,13,0,1,2,0
29766367,republican,MO,house,10,30,66,20,9,7,37,69,59,9,11,51,10,0,2,20,110,1,17,2,2
18030431,republican,TX,house,7,5,59,19,2,30,2,39,24,28,3,83,0,0,3,10,5,0,1,1,0
1051446626,republican,MO,house,25,49,99,69,14,183,4,49,72,7,7,73,3,1,47,17,10,0,2,1,1
1045853744,republican,IN,house,9,4,26,14,0,12,4,15,41,13,19,23,0,0,18,7,1,0,4,0,0
48117116,republican,IA,house,99,8,140,21,3,73,31,32,183,0,79,22,0,0,43,7,8,1,8,2,11
278145569,republican,TN,house,42,32,61,45,2,35,18,61,65,4,31,79,0,0,20,21,0,25,3,5,1
366304362,republican,OK,house,9,2,22,9,0,8,0,33,60,0,5,12,0,0,9,11,1,0,0,3,0
931614483050414080,republican,UT,house,11,59,168,48,13,12,5,83,63,26,18,33,2,2,28,3,3,12,55,12,1
756285384,republican,NY,house,13,49,99,48,0,61,13,63,200,5,20,33,2,4,4,8,4,1,0,2,0
2554870803,republican,MO,house,4,29,11,12,4,9,4,76,18,3,2,12,0,0,1,4,0,0,1,2,0
75364211,republican,KS,senate,22,56,165,49,8,15,320,56,220,15,3,99,16,0,10,10,27,20,8,1,10
225921757,republican,OK,senate,79,43,140,37,3,45,13,93,243,25,88,81,2,0,151,14,11,10,2,2,7
69086398,republican,AL,house,14,17,32,2,0,12,18,16,67,2,15,18,0,0,1,1,0,0,0,0,0
1155212191,republican,PA,house,22,62,91,69,2,35,3,149,40,32,8,112,5,0,16,59,7,2,3,22,4
254082173,republican,SC,house,15,112,136,34,5,33,19,120,80,40,2,173,2,0,132,54,29,1,6,11,16
816012124505931780,republican,TN,house,8,16,71,23,2,20,24,18,28,18,4,27,0,2,6,12,7,0,2,0,0
10615232,republican,IA,senate,31,62,276,109,7,98,140,98,301,64,41,65,7,0,35,11,11,3,9,25,2
37920978,republican,VA,house,54,36,49,20,2,58,24,37,95,15,56,38,11,0,9,11,1,5,4,2,0
74198348,republican,TX,house,36,32,100,26,22,141,0,11,63,21,17,90,0,0,86,3,4,4,8,3,3
2914571740,republican,MI,house,11,36,79,70,22,48,17,112,44,42,5,72,2,0,8,39,4,1,2,7,2
816047090849746945,republican,MN,house,10,7,49,22,3,29,5,55,38,20,3,9,0,0,3,10,9,2,0,1,0
291756142,republican,WY,senate,8,61,78,46,20,14,14,77,132,74,0,43,0,4,13,17,4,0,18,25,3
234812598,republican,IN,house,8,24,73,111,15,18,18,76,23,40,10,47,3,2,10,46,12,3,2,21,1
296245061,republican,NE,house,6,36,137,64,1,7,99,127,62,44,3,37,16,1,10,23,29,0,1,18,42
76132891,republican,ID,house,11,21,140,51,13,6,33,57,54,36,4,67,2,1,4,14,9,0,58,24,0
2560169238,republican,VA,house,11,12,26,32,2,20,1,87,65,13,31,20,2,0,13,3,4,1,1,0,0
2951574214,republican,LA,house,10,117,202,27,14,34,14,59,57,47,1,42,0,8,8,11,59,8,34,16,0
153507902,republican,MI,house,3,18,100,75,20,13,3,48,84,13,4,6,5,1,2,3,0,0,0,5,0
2869746172,republican,MI,house,7,12,51,16,6,12,2,49,36,17,3,51,0,0,15,5,1,1,3,1,0
24183358,republican,TX,house,18,131,81,37,8,35,2,85,27,6,5,40,0,0,11,7,7,16,1,4,0
1623308912,republican,MO,house,21,39,70,32,2,15,49,74,56,19,10,63,2,0,6,17,8,6,2,5,0
816683274076614656,republican,LA,senate,30,30,66,18,5,19,5,42,92,5,7,21,6,0,11,3,7,1,4,5,2
1074480192,republican,TX,senate,166,213,274,158,29,208,30,149,423,106,70,438,13,0,507,41,30,104,8,95,6
1071402577,republican,NE,senate,26,76,184,96,29,37,181,55,148,37,1,215,5,1,8,28,53,15,17,26,18
963480595,republican,NC,house,88,115,148,29,10,43,16,64,392,17,31,56,2,0,54,12,7,0,1,2,0
41417564,republican,PA,house,25,34,159,89,6,50,27,221,72,39,36,68,7,0,25,42,9,0,3,5,2
20546536,republican,OK,senate,3,5,9,2,0,0,1,18,32,7,6,38,1,0,6,0,11,0,2,0,0
236916916,republican,OH,house,16,95,123,94,3,29,28,295,105,36,21,111,1,0,14,55,6,9,4,1,2
73303753,republican,TN,senate,10,23,60,15,1,23,13,51,123,5,12,39,1,1,104,6,3,1,1,2,3
211530910,republican,OH,house,9,37,160,81,18,9,25,103,64,34,5,107,2,1,15,19,17,13,8,36,3
2964949642,republican,AZ,house,25,14,78,70,2,65,21,64,30,11,86,192,0,3,37,31,19,5,20,5,1
217543151,republican,SC,senate,49,441,365,50,8,51,8,110,171,45,15,119,2,5,12,23,16,1,14,7,0
299883942,republican,MS,house,21,64,222,41,16,29,26,101,116,38,34,139,2,9,11,24,20,9,21,7,0
18773159,republican,PA,house,15,30,74,8,5,6,2,25,47,5,2,30,0,0,16,5,12,0,2,1,1
993153006,republican,IL,house,14,53,178,117,17,43,156,122,129,65,11,82,29,0,2,57,43,3,6,14,2
1065995022,republican,IN,house,9,40,69,102,2,21,17,57,40,22,0,54,6,1,11,26,10,6,0,3,3
4433285713,republican,FL,house,7,23,21,7,113,15,1,21,44,1,3,14,0,0,10,4,5,0,7,6,0
720353279176081408,republican,NC,house,5,5,46,1,0,4,2,47,46,1,0,5,0,0,1,1,1,0,0,1,0
1071900114,republican,FL,house,4,17,26,9,2,8,20,23,15,6,1,29,14,0,33,5,3,0,1,6,1
16056306,republican,AZ,senate,9,3,56,5,0,6,4,24,69,5,19,18,0,0,19,0,1,1,1,2,6
235271965,republican,NM,house,15,30,56,12,5,14,11,44,36,8,11,33,1,2,14,16,7,5,24,10,0
17544524,republican,IN,house,40,14,98,32,3,30,16,82,85,31,58,64,4,0,36,16,4,1,3,2,0
2966205003,republican,NC,house,53,168,465,132,5,89,16,224,219,84,9,166,15,0,106,46,8,2,1,17,1
32010840,republican,OR,house,3,24,44,86,15,23,10,18,28,6,2,47,0,1,5,4,1,3,35,2,0
76649729,republican,TN,senate,85,76,219,845,23,114,42,166,505,214,26,77,4,0,12,90,62,14,120,34,5
2253968388,republican,AL,house,93,284,782,240,39,120,119,372,511,181,146,491,11,3,74,129,108,17,44,36,5
1128514404,republican,CA,house,6,16,53,20,10,4,21,16,14,8,25,33,0,2,6,12,1,0,3,0,0
2853309155,republican,FL,house,33,114,240,88,146,51,35,96,149,45,147,75,2,7,106,13,21,0,9,12,6
1096059529,republican,ID,senate,10,124,70,24,10,11,17,40,89,11,2,67,0,1,34,21,6,3,12,29,0
18566912,republican,TX,house,9,14,16,3,0,5,1,49,31,2,5,16,0,0,4,1,1,0,0,2,1
950328072,republican,NC,house,3,28,39,3,5,14,0,25,36,3,9,20,0,0,13,2,4,0,4,0,2
1209417007,republican,LA,house,75,155,308,95,7,158,28,437,318,12,55,113,6,2,46,87,14,7,9,27,2
1305596696,republican,CA,house,10,12,50,17,3,14,4,40,41,9,39,83,4,0,11,10,9,4,7,0,0
248699486,republican,CA,house,2,7,16,12,33,14,10,21,17,3,45,37,1,1,2,5,23,0,7,0,1
1048784496,republican,ND,house,8,25,80,44,20,13,106,84,57,27,20,62,3,0,10,7,11,12,4,33,9
211420609,republican,OH,house,5,12,49,24,1,7,3,6,13,12,3,25,2,2,5,7,4,1,0,0,0
935368364,republican,PA,house,14,17,60,88,8,18,6,156,39,10,8,25,1,0,19,38,1,0,0,5,5
239871673,republican,PA,house,26,80,81,61,4,37,12,130,64,32,60,61,0,0,29,61,25,0,2,10,5
23013996,republican,IN,house,7,4,49,16,0,7,1,40,329,11,17,19,1,0,11,5,0,0,0,1,0
237814920,republican,IL,house,23,21,49,69,3,14,4,41,54,20,17,41,0,1,52,6,3,1,1,3,1
22545491,republican,CA,house,25,70,145,62,46,40,15,158,105,12,32,119,2,2,21,45,27,3,35,11,0
15745368,republican,FL,senate,111,382,565,100,68,207,30,129,542,55,134,195,15,6,605,27,33,29,22,12,4
114388293,republican,SD,house,20,25,289,23,5,29,49,76,130,22,6,36,2,3,2,10,3,3,9,10,0
55677432,republican,LA,senate,23,23,203,134,11,36,4,73,261,29,31,45,0,0,17,21,4,0,4,4,1
7270292,republican,OK,senate,16,17,51,6,10,20,13,62,90,15,19,130,1,0,32,10,29,2,9,6,0
880480631108644864,republican,SC,house,24,26,75,42,3,15,11,160,94,12,13,54,1,0,9,31,4,3,3,3,1
18805303,republican,NE,house,35,26,124,64,31,32,62,42,71,21,20,111,4,2,69,6,8,2,18,13,6
21269970,republican,MO,senate,24,111,378,463,18,68,54,250,254,184,2,303,9,1,25,126,81,20,32,16,1
241207373,republican,NJ,house,9,39,161,27,35,5,6,34,137,11,20,100,3,0,11,0,81,1,5,6,0
2976598347,republican,UT,house,27,29,87,49,7,24,9,104,60,15,43,35,3,0,11,11,3,3,18,3,2
2964877294,republican,IL,house,7,31,100,52,8,32,56,167,78,11,8,120,0,1,7,30,20,1,4,5,4
432895323,republican,SC,senate,96,61,191,83,1,105,4,138,1376,7,107,242,1,0,392,1,12,11,6,6,7
1849261916,republican,MO,house,20,57,62,18,1,6,7,44,44,6,1,26,0,0,1,8,4,0,1,0,0
240760644,republican,AZ,house,61,27,203,43,93,51,18,128,233,8,246,69,2,1,24,32,4,2,76,67,0
1058256326,republican,NY,house,6,21,36,56,12,9,25,71,55,12,8,46,1,0,2,12,21,16,6,0,0
3041543943,republican,NY,house,6,21,100,23,0,23,0,17,112,2,19,26,2,2,12,5,7,0,1,0,1
2932617195,republican,ME,house,4,19,32,67,6,32,9,48,49,12,7,65,4,2,4,36,6,0,9,0,2
12726012,republican,TX,house,17,16,45,7,0,21,1,74,27,3,35,47,0,0,11,6,0,1,3,20,0
1444015610,republican,MO,house,15,59,287,128,17,28,38,162,95,83,2,108,6,0,21,30,20,6,22,24,1
19726613,republican,ME,senate,16,26,77,175,8,32,13,21,120,34,18,51,15,3,21,19,14,0,5,3,0
233693291,republican,AR,house,18,35,146,70,3,46,158,40,87,20,17,54,8,0,32,23,5,2,4,4,17
242873057,republican,CO,house,10,39,65,54,19,21,19,72,58,21,3,59,0,0,6,10,7,3,58,16,0
816131319033950208,republican,IN,house,59,45,125,77,2,25,31,177,132,42,19,295,2,2,104,33,11,4,2,0,1
2756069574,republican,TX,house,8,6,31,26,0,35,0,76,69,6,32,14,0,1,10,9,0,0,0,1,0
229197216,republican,AZ,house,7,27,95,42,1,11,6,63,50,13,6,26,5,0,0,8,1,1,12,0,2
811986281177772032,republican,IN,house,3,18,41,29,0,11,8,17,16,18,0,16,2,3,2,13,3,2,0,0,0
2914163523,republican,GA,house,24,127,118,35,1,27,1,78,119,18,21,87,0,0,10,8,8,1,1,11,1
2953974395,republican,AR,house,16,36,79,34,2,15,10,63,26,23,9,43,3,2,21,18,3,0,5,3,5
818948638890217473,republican,FL,house,94,27,104,53,8,53,9,144,532,25,26,90,1,0,63,14,11,10,5,6,2
584012853,republican,CO,house,77,27,68,82,26,32,3,124,78,8,14,167,0,0,61,32,9,1,36,4,1
343358379,republican,GA,house,16,13,90,12,2,14,4,58,160,5,16,19,2,0,8,16,1,0,0,0,0
2382685057,republican,GA,house,9,14,37,4,4,2,2,37,14,5,0,23,0,0,4,4,10,1,4,0,0
834069080,republican,NC,house,0,250,191,23,18,7,58,19,37,8,4,36,4,0,2,5,24,4,6,5,0
817138492614524928,republican,NC,house,15,46,93,43,0,17,3,79,59,25,10,37,2,1,13,8,14,1,0,3,0
78403308,republican,GA,senate,24,212,286,247,16,48,34,95,294,138,1,427,17,0,36,40,46,2,20,10,19
46184745,republican,VA,house,18,10,100,15,1,14,1,20,41,15,2,50,1,0,1,10,3,8,5,0,0
797201048490430465,republican,NY,house,10,47,61,40,3,22,19,83,41,19,13,56,6,1,9,13,7,3,3,1,2
2432952828,republican,WI,house,15,12,163,89,4,11,36,81,73,26,5,16,10,0,11,20,1,0,2,0,0
2953922782,republican,PA,house,3,3,15,24,3,11,3,5,17,10,4,9,1,0,1,4,0,2,3,2,0
15856366,republican,TX,house,23,17,49,6,1,13,2,34,44,12,28,34,0,0,11,12,11,24,5,7,0
47798449,republican,CA,house,16,54,87,95,7,107,0,130,40,20,5,82,2,2,20,54,14,3,16,11,1
323293114,republican,VA,house,35,6,39,30,0,17,3,41,127,1,9,18,4,0,78,6,0,1,1,0,0
600463589,republican,ID,senate,7,74,77,29,4,22,15,47,90,14,4,59,1,2,6,4,7,1,12,19,0
1060370282,republican,OK,house,23,23,176,99,4,20,13,85,112,35,7,68,0,0,22,19,13,2,18,20,4
15356407,republican,VA,house,15,86,57,27,13,21,4,84,76,33,2,223,2,0,16,28,20,40,47,11,0
3374540505,republican,NY,house,6,27,145,223,13,31,40,73,322,3,18,61,14,2,16,12,15,5,3,9,0
2955485182,republican,SD,senate,19,50,187,46,86,16,60,60,118,40,15,139,0,1,16,15,13,16,36,34,7
4212470319,republican,PA,house,3,2,11,3,0,7,0,5,22,0,0,4,0,0,0,1,0,0,0,0,0
2966765501,republican,NY,house,4,18,50,34,11,49,11,13,39,22,4,18,6,5,4,4,24,0,22,3,1
14562874,republican,IN,house,28,20,150,58,0,21,13,35,77,6,2,24,2,0,4,20,2,0,0,1,0
1249982359,republican,KY,senate,23,38,37,71,11,35,17,180,435,3,40,89,0,0,22,38,7,2,6,12,0
2929491549,republican,TX,house,17,21,53,7,0,21,3,57,47,5,34,46,0,0,32,17,8,29,2,0,1
296361085,republican,SD,senate,39,49,228,73,2,35,130,138,153,68,6,123,6,1,14,29,46,30,10,23,7
240393970,republican,SC,house,50,136,311,39,8,61,11,101,354,16,85,95,1,1,29,21,14,1,5,41,8
2914515430,republican,MN,house,17,62,180,92,4,29,53,75,73,29,2,65,2,0,9,18,14,12,6,9,2
2863210809,republican,GA,senate,11,99,147,15,2,34,55,158,293,17,65,101,0,0,46,12,13,2,0,3,6
224294785,republican,AL,house,37,173,269,89,12,49,112,98,86,61,11,199,6,1,11,15,15,22,1,2,0
52503751,republican,TN,house,24,19,65,50,0,10,12,53,44,17,9,114,7,0,5,20,1,1,6,0,1
806583915012046854,republican,GA,house,15,17,73,27,1,11,9,141,26,44,5,28,3,0,4,24,11,0,7,0,1
18004222,republican,IL,house,2,1,10,1,2,0,0,7,9,0,2,13,0,0,0,4,0,0,0,0,0
1058345042,republican,SC,house,10,395,206,46,18,36,28,140,69,12,8,56,4,4,5,40,37,1,9,1,5
854715071116849157,republican,KS,house,18,15,57,17,2,13,16,59,35,14,8,34,1,0,7,15,3,0,4,2,1
234822928,republican,OH,house,3,11,15,9,17,7,17,25,28,4,5,14,4,0,2,10,19,1,1,2,0
27676828,republican,NC,house,13,168,100,42,4,39,3,77,49,17,0,80,4,0,32,12,1,0,4,0,0
235312723,republican,TN,house,32,40,106,72,2,47,31,207,219,20,36,116,19,0,71,52,8,0,8,18,6
249288197,republican,TX,house,9,6,8,15,0,3,0,32,44,1,0,43,46,0,2,0,0,0,2,0,6
2953713339,republican,WV,house,8,20,97,81,4,12,2,48,74,13,0,57,0,2,5,10,19,3,4,15,1
2337241560,republican,OH,house,45,55,440,105,6,57,21,364,777,40,31,47,5,0,6,59,2,2,0,7,1
2975091705,republican,GA,house,39,74,193,24,4,33,19,60,153,34,19,137,1,0,22,70,11,7,20,7,1
816284664658874368,republican,TX,house,15,24,109,42,1,15,95,97,56,31,26,106,15,0,9,15,3,0,1,9,2
110545675,republican,TN,house,47,14,80,62,2,22,13,116,52,14,21,30,0,0,15,20,0,0,0,1,0
2964526557,republican,WV,house,19,43,77,25,1,4,11,35,46,12,8,34,3,1,11,8,16,3,7,6,0
233949261,republican,MI,house,14,46,95,21,28,19,1,176,73,25,8,36,1,0,16,63,9,1,3,4,0
15600527,republican,IL,house,10,7,79,21,2,14,3,56,28,5,6,21,0,0,13,21,1,5,7,12,0
21111098,republican,AL,senate,7,80,70,37,19,9,13,71,105,30,4,93,0,1,8,17,45,22,10,5,0
237862972,republican,MI,house,10,40,144,150,46,22,31,108,28,106,3,71,4,2,1,61,6,5,11,18,0
19658173,republican,KS,house,7,8,46,43,2,9,15,39,27,7,2,14,3,0,1,14,1,1,0,0,0
1635375612,republican,WV,house,0,2,18,5,0,2,0,1,27,1,0,1,0,0,0,1,0,0,0,1,0
33977070,republican,AL,house,22,48,493,35,5,35,98,68,85,44,35,139,8,1,8,10,11,0,10,15,0
252819642,republican,KS,house,15,43,168,93,0,40,12,168,94,47,58,71,5,0,21,59,10,1,15,6,1
21157904,republican,NC,senate,9,182,79,21,23,8,4,38,81,8,0,52,0,0,20,5,9,3,49,1,0
19139963,republican,CA,house,6,4,27,7,0,5,0,4,42,4,19,1,0,4,12,0,0,0,0,0,0
2852998461,republican,AR,house,9,60,190,40,45,79,110,163,123,95,16,60,1,0,13,14,13,2,149,8,0
752590435537739776,republican,MO,house,4,5,11,5,0,2,2,8,13,2,1,9,1,0,3,6,0,0,0,1,0
138553197,republican,CA,house,0,7,5,1,0,2,0,33,31,0,0,1,0,0,0,1,1,0,0,2,0
16256269,republican,NC,house,16,7,49,27,1,12,0,26,34,16,4,39,0,0,7,13,1,0,1,3,0
2962994194,republican,NJ,house,5,81,107,87,1,56,6,68,35,17,6,107,3,4,30,25,7,0,0,6,1
1058460818,republican,NC,house,2,192,42,13,4,7,3,23,20,0,0,25,4,0,6,1,4,1,12,0,0
816719802328715264,republican,WY,house,0,1,19,1,0,2,2,6,10,3,0,15,0,0,2,1,2,0,3,2,0
1058051748,republican,TX,house,9,25,62,2,1,11,2,27,31,1,2,23,0,0,14,4,8,1,9,28,1
23970171,republican,FL,house,3,19,39,28,2,10,9,15,28,6,0,19,0,0,8,0,4,0,3,1,0
22527499,republican,PA,house,3,12,13,1,3,4,0,16,14,1,0,16,0,0,4,7,25,0,7,0,0
557794383,republican,NY,house,5,6,10,0,4,7,0,3,48,0,0,1,0,0,0,0,0,2,0,0,0
2296943622,republican,AL,house,12,10,52,7,0,0,1,15,63,0,1,14,0,0,2,5,0,0,0,0,0
2847221717,republican,TX,house,57,24,25,16,2,49,4,80,201,2,17,84,3,0,67,6,5,7,0,0,0
4905487413,republican,PA,house,11,1,50,16,0,18,0,23,97,3,2,3,0,0,6,16,0,0,0,0,0
26324609,republican,KS,house,10,7,99,21,0,13,3,49,142,4,23,13,1,0,6,13,0,0,0,0,0
17896154,republican,TX,house,3,12,8,0,0,0,0,2,4,0,2,2,0,0,0,1,3,0,0,3,0
518644221,republican,OH,house,31,41,49,93,0,27,6,127,57,19,6,77,6,1,28,17,5,0,1,0,4
110456022,republican,IN,house,9,3,69,9,0,10,6,29,212,3,21,18,0,0,6,1,1,0,1,0,0
93965901,republican,PA,house,13,9,200,68,5,34,10,83,403,28,49,35,2,0,18,34,2,1,0,20,0
23124635,republican,OK,house,4,9,34,17,0,3,5,26,24,9,2,16,1,0,3,8,3,2,3,0,0
733751245,republican,WI,house,2,3,69,5,0,2,2,94,45,7,1,9,1,0,0,27,0,0,0,0,0
2862577383,republican,CO,house,9,8,39,32,5,21,3,23,27,8,9,25,0,1,12,9,3,2,4,0,0
42481696,republican,AL,house,16,8,83,8,1,1,14,16,119,1,15,28,0,0,0,1,0,1,0,0,0
2861616083,republican,AL,house,6,13,94,22,0,3,0,20,40,18,1,24,5,0,9,8,3,1,0,3,1
815241612154417152,republican,MI,house,2,15,31,8,11,3,4,32,34,4,1,23,0,0,2,4,3,0,6,3,0
59536644,republican,OH,house,4,1,34,0,1,1,5,4,27,0,0,7,0,0,0,1,0,0,0,0,0
63073834,republican,NY,house,5,17,86,16,3,19,6,49,57,14,1,24,0,0,1,15,0,0,0,1,0
2962891515,republican,LA,house,10,12,74,31,3,24,49,23,60,17,23,77,9,0,15,5,6,2,3,5,1
2327941633,republican,CA,house,1,5,65,25,0,8,0,99,158,1,0,7,1,0,1,9,6,0,0,2,0
323490669,republican,NE,senate,17,3,151,9,0,10,39,22,143,7,4,30,0,0,1,9,6,6,0,8,2
61886317,republican,SC,house,6,2,84,16,9,4,0,9,40,1,1,13,0,0,4,0,0,0,0,8,0
237348797,republican,SC,house,11,0,36,0,0,6,0,4,34,1,1,6,0,0,2,0,0,0,0,0,0
816303263586914304,republican,PA,house,7,3,24,35,5,22,1,10,28,7,4,14,1,0,12,1,2,0,0,0,0
837722935095930883,republican,VA,house,1,1,6,3,0,1,0,2,12,1,1,18,0,0,3,0,1,1,2,0,0
586191770,republican,GA,house,4,47,84,3,0,7,0,10,68,4,2,15,0,0,6,2,0,4,0,1,0
219010139,republican,MO,house,19,1,74,1,0,33,0,1,68,0,2,26,0,0,1,0,0,0,0,0,0
190328374,republican,GA,house,14,59,76,23,0,6,5,102,70,22,16,48,6,0,3,33,6,9,1,0,0
26057209,republican,UT,house,7,19,169,4,0,11,0,9,82,1,11,8,0,0,1,0,2,0,4,1,0
1397501864,republican,GA,senate,4,15,35,4,0,8,1,55,158,2,26,13,0,0,3,4,0,0,0,0,0
343041182,republican,AR,senate,26,4,78,13,10,28,2,16,335,4,94,84,1,0,61,9,1,0,4,7,5
23820360,republican,MI,house,10,6,150,19,14,17,4,27,115,14,4,23,4,0,6,7,1,1,0,0,0
815952318487298048,republican,FL,house,2,14,48,36,7,19,18,29,25,22,7,63,1,1,5,2,3,0,4,0,0
838462994,republican,KY,house,5,19,119,18,17,0,35,2,73,23,1,9,0,0,4,7,3,0,3,3,1
93443168,republican,TX,house,0,0,8,0,0,4,0,50,23,0,17,8,9,0,0,0,0,0,0,0,0
344201516,republican,IN,house,2,0,40,6,0,0,0,1,33,1,0,1,0,0,0,1,0,0,0,0,0
58842416,republican,IA,house,2,1,27,5,0,0,7,18,32,9,0,4,0,0,0,0,0,1,0,0,0
2612307559,republican,OH,senate,1,0,14,3,0,0,0,9,23,0,0,1,1,0,0,3,0,0,0,0,0
26778110,republican,NC,house,20,505,228,61,21,19,18,39,67,29,5,154,14,17,23,2,21,2,4,5,0
2343686814,republican,NJ,house,0,5,18,0,0,20,4,0,47,0,0,0,0,0,1,0,0,0,0,0,0
1069124515,republican,CA,house,18,101,85,61,41,34,36,128,83,6,15,83,2,1,7,25,13,10,89,5,0
586076955,republican,IL,house,1,5,78,59,5,7,18,35,101,20,0,21,1,0,0,12,5,1,0,0,4
727242919,republican,OH,house,7,5,89,10,0,4,2,16,38,4,0,12,0,0,1,5,1,0,0,0,0
59969802,republican,IN,senate,0,0,14,2,0,0,0,6,43,0,0,7,0,1,0,2,0,0,0,0,0
27775884,republican,TN,house,8,2,11,3,0,4,4,17,25,0,1,0,1,0,0,0,0,0,0,1,0
479430035,republican,NJ,house,0,0,30,13,1,13,0,18,98,4,0,9,0,0,0,0,1,0,0,0,0
35870854,republican,ME,house,4,12,1,4,1,8,0,10,37,0,0,0,0,0,0,5,0,0,1,0,0
374816353,republican,FL,house,1,2,51,7,9,11,0,2,20,8,13,6,0,0,5,9,3,0,2,0,0
15673703,republican,GA,house,8,18,46,51,0,21,0,74,77,3,5,17,0,0,8,5,1,0,0,0,0
389554914,republican,MO,senate,0,0,5,6,0,1,0,2,4,0,0,1,0,0,0,0,0,0,0,0,0
373586796,republican,TX,house,8,0,16,0,0,0,0,13,26,0,0,6,0,0,0,0,1,4,1,0,0
295712099,republican,GA,house,12,10,25,15,0,4,0,15,42,1,4,2,0,0,1,17,0,0,0,5,0
36676406,republican,CA,house,9,4,31,8,9,8,9,2,33,1,5,13,0,0,0,4,1,0,1,0,0
968650362,republican,AR,senate,18,20,68,22,5,92,13,25,100,9,33,94,0,0,99,4,1,1,1,2,0
50036176,republican,TN,house,9,3,65,7,0,5,0,24,57,7,3,13,0,0,0,6,0,1,0,5,0
88784440,republican,UT,senate,32,10,73,31,5,51,3,52,118,3,7,33,1,0,23,5,0,1,28,1,1
2279098645,republican,VA,house,17,30,66,62,8,41,6,162,180,21,52,19,1,0,3,13,0,0,0,0,0
15428227,republican,CA,house,8,7,29,5,1,0,2,9,56,0,5,11,0,0,0,8,0,0,0,0,0
3107996233,republican,IL,house,0,2,11,0,0,0,0,6,22,0,1,5,0,0,1,0,3,0,0,0,0
1491350114,republican,WV,house,33,1,32,5,0,6,0,11,75,0,0,12,0,0,1,1,0,0,0,1,0
3420965229,republican,MT,house,5,0,29,8,0,5,0,4,38,0,0,3,4,0,0,4,0,0,4,0,0
334245076,republican,NC,house,3,96,52,5,4,6,0,23,35,0,4,9,4,0,4,5,8,0,0,0,0
127941167,republican,NC,house,0,159,115,45,8,3,7,25,64,0,1,23,0,0,0,10,12,1,0,8,0
1137590713,republican,TX,house,0,4,1,5,4,1,0,6,18,0,0,5,0,0,0,0,0,0,0,0,0
146099856,republican,MI,house,4,14,32,10,1,0,0,3,46,1,0,10,0,0,0,7,0,0,0,0,0
2966758114,republican,OK,house,14,25,108,40,0,17,13,34,43,5,17,80,4,0,41,22,14,0,4,12,0
2696643955,republican,MI,house,0,5,41,8,6,4,13,15,13,8,0,24,0,0,1,3,6,0,2,0,0
54412900,republican,CA,house,11,2,50,4,3,8,3,14,55,1,1,4,1,0,22,1,0,0,0,0,0
56944812,republican,ID,house,0,2,23,2,0,2,1,20,36,0,0,1,0,0,0,2,0,0,0,2,0
1060487274,republican,GA,house,29,53,36,45,3,50,12,60,101,19,6,37,2,1,10,15,2,4,3,1,1
613725908,republican,NJ,house,10,14,48,32,9,25,3,22,60,12,9,24,1,0,22,2,4,1,1,7,2
234057152,republican,VA,house,4,20,51,59,1,9,30,20,24,14,3,22,3,0,1,0,1,7,4,22,0
26051676,republican,FL,house,2,15,39,72,4,16,0,14,38,13,1,26,0,1,12,2,2,1,0,2,0
86936187,republican,PA,house,6,3,55,36,0,6,0,11,28,0,1,15,1,0,1,9,0,0,0,0,0
20467163,republican,FL,house,0,5,10,13,17,14,14,3,12,2,2,11,0,0,4,0,1,0,0,12,0
22509548,republican,CA,house,21,14,45,8,4,10,2,31,81,4,17,41,0,0,16,3,0,1,0,1,5
911302336307490816,republican,GA,house,7,8,36,30,1,9,2,72,40,5,5,23,0,0,9,3,1,0,1,0,1
33655490,republican,FL,house,3,12,25,4,0,4,1,10,18,2,0,16,0,0,6,1,0,0,0,0,0
23976316,republican,TX,house,6,10,19,8,0,13,0,25,19,0,1,21,1,0,6,8,3,0,1,0,1
702601370344402944,republican,AZ,house,2,1,3,1,0,0,0,1,23,0,3,1,0,0,0,1,0,0,0,2,0
555474658,republican,MS,senate,3,2,9,6,0,0,0,3,13,3,1,8,0,0,1,1,2,0,0,1,0
161743731,republican,TX,house,8,11,24,15,1,15,0,62,23,7,8,100,0,0,16,2,8,0,18,0,0
51228911,republican,OH,house,8,14,41,34,10,22,6,39,80,20,6,121,0,9,61,6,25,6,5,4,0
76452765,republican,AL,house,13,14,116,18,0,8,19,40,58,13,6,24,2,0,18,13,7,10,1,1,1
142332083,republican,WI,senate,0,0,16,1,0,0,0,0,16,1,1,5,0,0,0,0,0,0,0,0,0
1908143071,republican,KY,house,1,1,8,27,0,0,0,3,1,2,0,3,0,0,0,7,5,8,0,1,0
136526394,republican,FL,house,0,0,4,0,0,0,0,0,7,0,0,0,0,0,0,0,0,0,0,0,0
18060563,republican,CO,house,0,1,2,12,0,0,5,10,32,1,1,7,0,0,0,5,4,0,2,5,0
77839894,republican,OH,house,1,7,59,4,4,5,4,22,50,5,0,3,0,0,0,14,0,0,0,0,0
586730005,republican,KS,senate,9,1,39,2,0,4,7,1,101,0,1,0,0,0,1,1,0,0,0,0,0
61608485,republican,NC,house,3,4,26,2,0,2,1,4,26,8,0,0,0,0,4,0,0,0,0,0,0
2930635215,republican,WA,house,3,24,55,23,41,5,69,26,44,19,4,37,0,0,0,5,8,0,12,14,2
78387677,republican,IL,house,8,1,16,4,0,9,2,1,41,5,0,0,0,0,4,5,0,0,0,0,0
1072008757,republican,UT,house,5,9,51,36,7,12,11,23,44,8,10,53,0,0,32,2,2,0,27,1,0
3609064098,republican,TX,house,0,0,39,0,0,0,5,7,14,0,0,7,1,0,0,1,0,0,0,0,0
831483464,republican,CA,house,8,3,9,2,1,14,0,9,14,0,7,11,0,4,11,1,6,3,1,5,0
828977216595849216,republican,FL,house,7,10,22,11,4,23,1,15,15,8,2,46,0,0,1,4,3,0,2,2,0
63650107,republican,CA,house,1,0,2,0,0,0,0,0,3,0,0,4,0,0,0,0,0,0,0,0,0
1883356866,republican,TN,house,0,0,22,1,0,1,0,5,6,2,0,6,0,0,0,0,1,0,0,0,0
242376736,republican,PA,house,2,1,16,5,0,3,1,3,34,1,3,15,0,0,3,0,0,0,0,0,0
20015903,republican,IL,house,2,14,45,54,2,8,0,38,10,4,0,8,0,0,20,2,1,0,0,2,0
1379584350,republican,TX,senate,3,10,54,20,0,17,0,9,67,1,15,16,0,0,2,1,1,0,0,8,0
2543008999,republican,LA,house,2,1,15,7,0,3,5,7,13,0,3,2,6,0,1,1,1,0,1,0,0
242772524,republican,OK,house,0,10,29,1,0,5,18,3,24,3,4,15,2,0,0,0,1,8,1,1,0
50152441,republican,CA,house,0,2,20,1,0,5,2,4,4,0,1,3,0,0,1,0,0,0,14,0,0
23775782,republican,OH,house,2,8,34,12,0,0,0,12,17,0,0,1,0,0,0,0,0,0,0,0,0
550401754,republican,KY,house,2,22,55,70,2,14,2,69,55,12,2,56,0,0,4,30,8,6,20,10,0
722555010588872705,republican,KS,house,2,0,1,0,0,1,0,0,18,0,1,0,0,0,0,0,1,0,0,0,0
237750442,republican,OH,house,9,44,19,2,0,2,1,11,14,0,1,4,0,0,11,4,1,2,0,1,0
240363117,republican,PA,house,3,10,31,4,2,5,12,6,16,5,1,7,1,0,2,3,1,3,1,2,0
295685416,republican,TX,house,4,0,44,4,2,5,71,32,14,1,0,8,19,1,3,9,2,1,1,2,0
3433189197,republican,FL,house,0,3,7,2,0,0,1,3,6,0,0,0,0,0,0,0,0,0,0,0,0
97963837,republican,WA,house,4,3,28,9,11,5,7,1,42,0,0,15,0,0,0,4,8,0,0,0,0
37945547,republican,MI,house,3,0,4,1,2,0,0,2,4,0,1,1,0,0,0,0,0,0,0,1,0
1382011333,republican,NJ,house,1,0,1,0,2,0,0,8,7,2,0,4,0,0,0,0,0,0,0,0,0
1467758983,republican,VA,house,0,0,1,0,0,0,0,0,1,0,0,0,0,0,0,0,0,0,0,0,0
253252536,republican,GA,senate,0,0,0,0,0,0,0,1,14,0,0,0,0,0,0,0,0,0,0,0,0
377534571,republican,TX,house,1,2,4,5,0,3,2,31,10,1,1,57,0,0,2,0,0,5,2,4,0
2746741969,republican,LA,house,0,1,8,0,0,0,0,1,15,0,0,2,0,0,0,0,0,0,0,0,0
21048033,republican,SC,house,1,0,8,4,0,0,0,6,10,0,0,3,0,0,0,0,0,0,0,0,0
4827594804,republican,TX,house,0,0,6,0,0,5,0,0,24,0,0,1,0,0,0,0,0,0,0,0,0
3170031728,republican,FL,house,0,0,12,4,16,4,0,0,44,0,0,18,0,0,1,0,0,0,8,0,0
75378219,republican,KS,house,1,0,2,0,0,0,0,1,1,0,0,1,0,0,0,0,0,0,0,0,0
19929362,republican,TX,house,1,1,0,11,0,0,0,0,1,0,0,0,0,0,0,0,0,0,0,0,0
16874915,republican,NC,house,5,1,23,0,4,4,1,0,12,0,0,4,0,0,0,0,0,0,0,0,0
1289319271,republican,NJ,house,0,0,3,7,1,7,0,2,0,2,0,2,0,0,2,0,1,0,0,3,0
112781983,republican,CO,house,7,0,7,1,0,4,0,1,44,0,4,3,0,0,3,0,0,0,0,2,0
25086658,republican,FL,house,0,3,0,2,1,0,0,2,1,0,0,2,0,0,1,0,7,0,0,0,0
1074412920,republican,CA,house,0,0,6,2,1,0,0,0,1,0,0,6,0,0,6,0,0,0,1,0,0
872148729184362497,republican,AZ,house,0,3,13,0,28,1,2,5,20,0,5,1,0,0,1,2,0,0,14,6,0
80956768,republican,IN,house,0,0,19,1,0,0,4,4,32,0,1,0,0,0,1,0,0,0,0,0,0
18170310,republican,UT,senate,1,1,6,0,0,1,0,1,9,0,0,2,0,0,0,0,0,0,0,0,0
114607567,republican,KY,house,0,0,9,0,0,1,0,1,11,0,0,1,0,0,0,0,0,0,0,0,0
3431000296,republican,IN,house,0,0,12,2,0,5,0,3,17,0,0,5,0,0,0,2,0,0,0,0,0
712783082336571392,republican,UT,house,0,0,7,0,1,0,0,3,12,2,0,3,0,0,0,1,0,0,0,0,0
402719755,republican,NV,house,0,0,5,5,0,5,0,2,2,4,4,5,0,0,0,0,1,0,5,3,0
3026622545,republican,AS,house,6,8,14,6,5,2,0,1,10,0,1,33,0,0,6,1,4,1,15,0,0
587100576,republican,LA,house,1,1,11,0,0,0,0,0,0,0,0,0,0,0,0,0,0,0,0,0,0
385111151,republican,GA,house,0,0,1,3,0,0,0,3,2,2,2,0,0,0,0,0,0,0,0,0,0
182052260,republican,CA,house,0,0,2,0,0,0,0,0,6,0,0,0,0,0,0,0,0,0,0,0,0
22195441,republican,NC,senate,0,0,8,4,0,0,0,0,2,0,0,1,0,0,1,0,0,0,0,0,0
26533227,republican,SD,senate,0,0,0,0,0,0,0,0,0,0,0,2,0,0,0,0,0,0,0,0,0
4490291893,republican,IL,house,0,0,4,0,0,0,0,0,0,0,0,0,0,0,0,0,0,0,0,0,0
2196360306,republican,TX,house,1,0,0,0,0,0,0,0,2,0,0,0,0,0,0,0,0,0,0,0,0
344972339,republican,CA,house,1,0,0,0,0,0,0,0,2,1,0,1,0,0,2,0,0,0,0,0,0
41198239,republican,MI,house,0,0,0,0,0,0,0,0,0,0,0,0,0,0,0,0,0,0,0,0,0
180564322,republican,OR,house,0,1,5,0,0,0,1,0,10,0,0,0,0,0,0,4,0,0,0,0,0
283130017,republican,TN,senate,0,0,0,0,0,0,0,0,1,0,0,0,0,0,0,0,0,0,0,0,0
85689484,republican,NV,house,0,0,1,0,0,0,0,0,0,0,0,0,0,0,0,0,0,0,0,0,0
132204008,republican,PA,house,0,0,1,0,0,0,0,0,0,0,0,0,0,0,0,0,0,0,0,0,0
1092757885,republican,OK,house,0,0,0,0,0,0,0,0,0,0,0,0,0,0,0,0,0,1,0,0,0
230973154,republican,KY,house,1,0,1,0,0,0,0,0,0,0,0,0,0,0,0,0,0,0,0,0,0
26062385,republican,PA,senate,0,0,0,0,0,0,0,0,1,0,0,0,0,0,0,0,0,0,0,0,0
20879626,republican,CO,senate,0,0,0,0,0,0,1,0,0,0,0,0,0,0,0,0,0,0,0,0,0
151247615,republican,AK,senate,0,0,0,0,0,0,0,0,1,0,0,0,0,0,0,0,0,0,0,0,0
4624539143,republican,OH,house,0,0,1,0,0,0,0,0,1,0,0,0,0,0,0,0,0,0,0,0,0
